-- phpMyAdmin SQL Dump
-- version 3.5.3
-- http://www.phpmyadmin.net
--
-- Host: localhost
-- Generation Time: Dec 26, 2012 at 04:09 PM
-- Server version: 5.1.66-cll
-- PHP Version: 5.2.6

SET SQL_MODE="NO_AUTO_VALUE_ON_ZERO";
SET time_zone = "+00:00";


/*!40101 SET @OLD_CHARACTER_SET_CLIENT=@@CHARACTER_SET_CLIENT */;
/*!40101 SET @OLD_CHARACTER_SET_RESULTS=@@CHARACTER_SET_RESULTS */;
/*!40101 SET @OLD_COLLATION_CONNECTION=@@COLLATION_CONNECTION */;
/*!40101 SET NAMES utf8 */;

--
-- Database: `bhabijee_db`
--

-- --------------------------------------------------------

--
-- Table structure for table `admin`
--

CREATE TABLE IF NOT EXISTS `admin` (
  `user` varchar(20) NOT NULL,
  `pass` varchar(15) NOT NULL
) ENGINE=MyISAM DEFAULT CHARSET=latin1;

--
-- Dumping data for table `admin`
--

INSERT INTO `admin` (`user`, `pass`) VALUES
('alive', 'xxyyzz');

-- --------------------------------------------------------

--
-- Table structure for table `applicant_id_max`
--

CREATE TABLE IF NOT EXISTS `applicant_id_max` (
  `max` int(30) NOT NULL
) ENGINE=MyISAM DEFAULT CHARSET=latin1;

--
-- Dumping data for table `applicant_id_max`
--

INSERT INTO `applicant_id_max` (`max`) VALUES
(7980);

-- --------------------------------------------------------

--
-- Table structure for table `applicant_loginid_max`
--

CREATE TABLE IF NOT EXISTS `applicant_loginid_max` (
  `max` int(30) NOT NULL
) ENGINE=MyISAM DEFAULT CHARSET=latin1;

--
-- Dumping data for table `applicant_loginid_max`
--

INSERT INTO `applicant_loginid_max` (`max`) VALUES
(2728);

-- --------------------------------------------------------

--
-- Table structure for table `bill`
--

CREATE TABLE IF NOT EXISTS `bill` (
  `slno` int(11) NOT NULL AUTO_INCREMENT,
  `billno` int(40) NOT NULL,
  `login_id` varchar(40) NOT NULL,
  `payment_amount` varchar(40) NOT NULL,
  `payment_by` varchar(40) NOT NULL,
  `payment_date` timestamp NOT NULL DEFAULT CURRENT_TIMESTAMP,
  PRIMARY KEY (`slno`)
) ENGINE=MyISAM  DEFAULT CHARSET=latin1 AUTO_INCREMENT=2 ;

--
-- Dumping data for table `bill`
--

INSERT INTO `bill` (`slno`, `billno`, `login_id`, `payment_amount`, `payment_by`, `payment_date`) VALUES
(1, 235, '1111', '55', 'admin', '2012-12-23 07:17:57');

-- --------------------------------------------------------

--
-- Table structure for table `bill_max`
--

CREATE TABLE IF NOT EXISTS `bill_max` (
  `slno` int(11) NOT NULL AUTO_INCREMENT,
  `billno` int(40) NOT NULL,
  PRIMARY KEY (`slno`)
) ENGINE=MyISAM  DEFAULT CHARSET=latin1 AUTO_INCREMENT=2 ;

--
-- Dumping data for table `bill_max`
--

INSERT INTO `bill_max` (`slno`, `billno`) VALUES
(1, 236);

-- --------------------------------------------------------

--
-- Table structure for table `login_details`
--

CREATE TABLE IF NOT EXISTS `login_details` (
  `slno` int(11) NOT NULL AUTO_INCREMENT,
  `id` varchar(100) NOT NULL,
  `password` varchar(50) NOT NULL,
  `type` varchar(40) NOT NULL,
  `app_capacity` int(20) NOT NULL,
  PRIMARY KEY (`slno`)
) ENGINE=InnoDB  DEFAULT CHARSET=latin1 AUTO_INCREMENT=13 ;

--
-- Dumping data for table `login_details`
--

INSERT INTO `login_details` (`slno`, `id`, `password`, `type`, `app_capacity`) VALUES
(1, 'admin', 'qwerty', 'Admin', 110),
(6, '123', 'qwerty', 'Special_Employee', 0),
(7, '1234', '123', 'Employee', 0),
(8, 'ricky', 'qwerty', 'Employee', 100),
(9, 'kanhu', 'ytrewq', 'Special_Employee', 2),
(10, 'nana', 'qwerty', 'Special_Employee', 5),
(11, 'patra ', 'qwerty', 'Special_Employee', 918),
(12, 'rudra', 'qwerty', 'Special_Employee', 1000);

-- --------------------------------------------------------

--
-- Table structure for table `login_info`
--

CREATE TABLE IF NOT EXISTS `login_info` (
  `m_id` varchar(15) NOT NULL,
  `m_pass` varchar(15) NOT NULL,
  `m_join` date NOT NULL,
  `status` varchar(15) NOT NULL,
  `app_no` varchar(15) NOT NULL,
  PRIMARY KEY (`m_id`)
) ENGINE=MyISAM DEFAULT CHARSET=latin1;

--
-- Dumping data for table `login_info`
--

INSERT INTO `login_info` (`m_id`, `m_pass`, `m_join`, `status`, `app_no`) VALUES
('081131432', 'goyhas', '0000-00-00', 'A', '71131432'),
('081118361', 'goyhas', '0000-00-00', 'A', '101118361'),
('081131523', 'goyhas', '0000-00-00', 'A', '21131523'),
('081131594', 'goyhas', '0000-00-00', 'A', '61131594'),
('081159395', '123456', '0000-00-00', 'A', '61159395'),
('151813597', '123456', '2009-10-15', 'A', '91813597'),
('151829258', '123456', '2009-10-15', 'A', '71829258'),
('151841169', '123456', '2009-10-15', 'A', '21841169'),
('1518581710', '123456', '2009-10-15', 'A', '318581710'),
('2219120511', '123456', '2009-10-22', 'A', '119120511'),
('2219222312', '123456', '2009-10-22', 'A', '419222312'),
('2512114213', '123456', '2009-10-25', 'A', '212114213'),
('2512380914', '123456', '2009-10-25', 'A', '412380914'),
('2512451515', '123456', '2009-10-25', 'A', '412451515'),
('2512511216', '123456', '2009-10-25', 'A', '512511216'),
('2513032717', '123456', '2009-10-25', 'A', '1013032717'),
('2513283618', '123456', '2009-10-25', 'A', '913283618'),
('2513513619', '123456', '2009-10-25', 'A', '613513619'),
('2514060020', '123456', '2009-10-25', 'A', '214060020'),
('3112374821', '123456', '2009-10-31', 'A', '612374821'),
('3112563522', '123456', '2009-10-31', 'NA', '912563522');

-- --------------------------------------------------------

--
-- Table structure for table `pin_no`
--

CREATE TABLE IF NOT EXISTS `pin_no` (
  `slno` int(15) NOT NULL AUTO_INCREMENT,
  `pin` int(20) NOT NULL,
  `return_pin` int(20) NOT NULL,
  `id` varchar(40) NOT NULL,
  `send_by` varchar(100) NOT NULL,
  `active_date` timestamp NOT NULL DEFAULT CURRENT_TIMESTAMP,
  UNIQUE KEY `sno` (`slno`),
  UNIQUE KEY `pin_no` (`pin`)
) ENGINE=MyISAM  DEFAULT CHARSET=latin1 AUTO_INCREMENT=13 ;

--
-- Dumping data for table `pin_no`
--

INSERT INTO `pin_no` (`slno`, `pin`, `return_pin`, `id`, `send_by`, `active_date`) VALUES
(1, 100, 0, '1111', 'admin', '2012-12-22 15:18:35'),
(2, 50, 0, '2039', 'patra', '2012-12-24 06:53:07'),
(3, 5, 0, '2087', 'patra', '2012-12-24 10:33:13'),
(4, 15, 0, '2087', 'patra', '2012-12-24 10:34:57'),
(5, 0, 10, '2087', 'admin', '2012-12-24 10:38:25'),
(6, 102, 0, '2087', 'patra', '2012-12-24 10:41:31'),
(7, 10, 0, '2087', 'patra', '2012-12-24 10:54:29'),
(8, 9, 0, '2087', 'admin', '2012-12-24 11:09:26'),
(9, 34, 0, '2077', 'admin', '2012-12-25 11:11:44'),
(10, 90, 0, '2010', 'admin', '2012-12-25 11:32:27'),
(11, 200, 0, '2010', 'admin', '2012-12-25 12:25:54'),
(12, 500, 0, '2010', 'admin', '2012-12-26 11:29:44');

-- --------------------------------------------------------

--
-- Table structure for table `pin_no_emp`
--

CREATE TABLE IF NOT EXISTS `pin_no_emp` (
  `slno` int(15) NOT NULL AUTO_INCREMENT,
  `pin` int(20) NOT NULL,
  `return_pin` int(20) NOT NULL,
  `id` varchar(40) NOT NULL,
  `send_by` varchar(100) NOT NULL,
  `active_date` timestamp NOT NULL DEFAULT CURRENT_TIMESTAMP,
  UNIQUE KEY `sno` (`slno`),
  UNIQUE KEY `pin_no` (`pin`)
) ENGINE=MyISAM  DEFAULT CHARSET=latin1 AUTO_INCREMENT=2 ;

--
-- Dumping data for table `pin_no_emp`
--

INSERT INTO `pin_no_emp` (`slno`, `pin`, `return_pin`, `id`, `send_by`, `active_date`) VALUES
(1, 1000, 0, 'admin', 'admin', '2012-12-25 12:25:19');

-- --------------------------------------------------------

--
-- Table structure for table `user_info`
--

CREATE TABLE IF NOT EXISTS `user_info` (
  `s_id` varchar(15) NOT NULL,
  `form_type` varchar(6) NOT NULL,
  `m_name` varchar(35) NOT NULL,
  `gender` varchar(10) NOT NULL,
  `nationality` varchar(10) NOT NULL,
  `address` varchar(65) NOT NULL,
  `district` varchar(20) NOT NULL,
  `state` varchar(20) NOT NULL,
  `pincode` varchar(10) NOT NULL,
  `mobile_no` varchar(10) NOT NULL,
  `email` varchar(30) NOT NULL,
  `n_name` varchar(35) NOT NULL,
  `n_relation` varchar(30) NOT NULL,
  `bank_name` varchar(35) NOT NULL,
  `acc_no` varchar(14) NOT NULL,
  `bank_branch` varchar(20) NOT NULL,
  `pan_no` varchar(10) NOT NULL,
  `ifsc_code` varchar(10) NOT NULL,
  `login_id` varchar(15) NOT NULL,
  `login_pass` varchar(15) NOT NULL,
  `pass_change_status` int(11) NOT NULL,
  `app_no` varchar(15) NOT NULL,
  `total_balance` varchar(200) NOT NULL,
  `paid_balance` varchar(200) NOT NULL,
  `pin_balance` int(40) NOT NULL,
  `created_by` varchar(40) NOT NULL,
  `entry_date` timestamp NOT NULL DEFAULT CURRENT_TIMESTAMP,
  `status` int(11) NOT NULL,
  PRIMARY KEY (`login_id`)
) ENGINE=MyISAM DEFAULT CHARSET=latin1;

--
-- Dumping data for table `user_info`
--

INSERT INTO `user_info` (`s_id`, `form_type`, `m_name`, `gender`, `nationality`, `address`, `district`, `state`, `pincode`, `mobile_no`, `email`, `n_name`, `n_relation`, `bank_name`, `acc_no`, `bank_branch`, `pan_no`, `ifsc_code`, `login_id`, `login_pass`, `pass_change_status`, `app_no`, `total_balance`, `paid_balance`, `pin_balance`, `created_by`, `entry_date`, `status`) VALUES
('000000', '', 'Ultra Matrix', '', 'Indian', '', '', '', '', '', '', '', '', '', '', '', '', '', '1111', 'qwerty', 1, '1111', '612.3', '55', 70, '', '2012-12-22 15:15:11', 1),
('1111', 'A', 'Ultra Matrix', 'male', '', 'At Bhadrak', 'Bhadrak', 'Odisha', '756100', '9438441111', '', '', '', '', '', '', '', '', '2010', 'qwerty', 1, '2010', '812.5', '', 384, '1111', '2012-12-23 06:02:02', 1),
('1111', 'B', 'Ultra Matrix', 'male', '', 'At Bhadrak', 'Bhadrak', 'Odisha', '', '9438441111', '', '', '', '', '', '', '', '', '2011', '55924c', 0, '2011', '55', '', 0, '1111', '2012-12-23 06:03:33', 1),
('1111', 'C', 'Ultra Matrix', 'male', '', 'At /  Bhadrak', '', '', '', '9438441111', '', '', '', '', '', '', '', '', '2012', 'aa14eb', 0, '2012', '85', '', 0, '1111', '2012-12-23 06:04:26', 1),
('1111', 'D', 'Ultra Matrix', 'male', '', 'At  / Bhadrak', 'Bhadrak', '', '', '9438441111', '', '', '', '', '', '', '', '', '2013', '45abee', 0, '2013', '25', '', 0, '1111', '2012-12-23 06:05:08', 1),
('1111', 'E', 'Ultra Matrix', 'male', '', 'At / Bhadrak', 'Bhadrak', 'Odisha', '', '9438441111', '', '', '', '', '', '', '', '', '2014', '6ccbd1', 0, '2014', '25', '', 0, '1111', '2012-12-23 06:05:58', 1),
('2014', 'A', 'Kanhu', 'male', '', '\r\n\r\n\r\n', '', '', '', '9040508040', '', '', '', '', '', '', '', '', '2015', 'b09b05', 0, '2015', '', '', 0, '1111', '2012-12-23 06:08:11', 0),
('2014', 'B', 'Kanhu', 'male', '', '', '', '', '', '9458551', '', '', '', '', '', '', '', '', '2016', 'f9daf3', 0, '2016', '', '', 0, '1111', '2012-12-23 06:14:39', 0),
('2014', 'C', 'Kanhu', 'male', '', '', '', '', '', '92455', '', '', '', '', '', '', '', '', '2017', '6e67c6', 0, '2017', '', '', 0, '1111', '2012-12-23 06:15:02', 0),
('2014', 'D', 'Kanhu', 'male', '', '', '', '', '', '2145545', '', '', '', '', '', '', '', '', '2018', '3e8ce7', 0, '2018', '', '', 0, '1111', '2012-12-23 06:15:31', 0),
('2014', 'E', 'Kanhu', 'male', '', '', '', '', '', '2455', '', '', '', '', '', '', '', '', '2019', '814c9e', 0, '2019', '', '', 0, '1111', '2012-12-23 06:15:52', 0),
('2013', 'A', 'Patra', 'male', '', '', '', '', '', '82455', '', '', '', '', '', '', '', '', '2020', 'b0df8b', 0, '2020', '', '', 0, '1111', '2012-12-23 06:17:31', 0),
('2013', 'B', 'Patra', 'male', '', '', '', '', '', '9245', '', '', '', '', '', '', '', '', '2021', 'f0af17', 0, '2021', '', '', 0, '1111', '2012-12-23 06:17:51', 0),
('2013', 'C', 'Patra', 'male', '', '', '', '', '', '5884854', '', '', '', '', '', '', '', '', '2022', '33e599', 0, '2022', '', '', 0, '1111', '2012-12-23 06:18:11', 0),
('2013', 'D', 'Patra', 'male', '', '', '', '', '', '54851', '', '', '', '', '', '', '', '', '2023', '866801', 0, '2023', '', '', 0, '1111', '2012-12-23 06:18:32', 0),
('2013', 'E', 'Patra', 'male', '', '', '', '', '', '154515', '', '', '', '', '', '', '', '', '2024', 'da1722', 0, '2024', '', '', 0, '1111', '2012-12-23 06:18:53', 0),
('2012', 'A', 'Binod', 'male', '', '', '', '', '', '5245512', '', '', '', '', '', '', '', '', '2025', '941015', 0, '2025', '', '', 0, '1111', '2012-12-23 06:24:09', 0),
('2012', 'B', 'Binod', 'male', '', '', '', '', '', '51248', '', '', '', '', '', '', '', '', '2026', '03e609', 0, '2026', '25', '', 0, '1111', '2012-12-23 06:24:32', 1),
('2012', 'C', 'Binod', 'male', '', '', '', '', '', '514521', '', '', '', '', '', '', '', '', '2027', '6b2e75', 0, '2027', '25', '', 0, '1111', '2012-12-23 06:24:54', 1),
('2012', 'D', 'Binod', 'male', '', '', '', '', '', '54554474', '', '', '', '', '', '', '', '', '2028', '91d313', 0, '2028', '25', '', 0, '1111', '2012-12-23 06:25:13', 1),
('2012', 'E', 'Binod', 'male', '', '', '', '', '', '21565485', '', '', '', '', '', '', '', '', '2029', '61b5d2', 0, '2029', '25', '', 0, '1111', '2012-12-23 06:25:42', 1),
('2011', 'A', 'Nawsad', 'male', '', '', '', '', '', '5214554', '', '', '', '', '', '', '', '', '2030', 'dd7aa4', 0, '2030', '25', '', 0, '1111', '2012-12-23 06:26:37', 1),
('2011', 'B', 'Nawsad', 'male', '', '', '', '', '', '6545124', '', '', '', '', '', '', '', '', '2031', '00897c', 0, '2031', '25', '', 0, '1111', '2012-12-23 06:26:56', 1),
('2011', 'C', 'Nawsad', 'male', '', '', '', '', '', '2452465214', '', '', '', '', '', '', '', '', '2032', '31ff3a', 0, '2032', '', '', 0, '1111', '2012-12-23 06:27:15', 0),
('2011', 'D', 'Nawsad', 'male', '', '', '', '', '', '5145145', '', '', '', '', '', '', '', '', '2033', 'b8c9b9', 0, '2033', '', '', 0, '1111', '2012-12-23 06:27:39', 0),
('2011', 'E', 'Nawsad', 'male', '', '', '', '', '', '548565', '', '', '', '', '', '', '', '', '2034', '40ee32', 0, '2034', '', '', 0, '1111', '2012-12-23 06:28:04', 0),
('2010', 'A', 'Nana', 'male', '', '', '', '', '', '5214514', '', '', '', '', '', '', '', '', '2035', 'e1d0c9', 0, '2035', '350', '', 0, '1111', '2012-12-23 06:29:02', 1),
('2010', 'B', 'Nana', 'male', '', '', '', '', '', '5145', '', '', '', '', '', '', '', '', '2036', '2e3e66', 0, '2036', '170', '', 0, '1111', '2012-12-23 06:29:22', 1),
('2010', 'C', 'Nana', 'male', '', '', '', '', '', '2145452', '', '', '', '', '', '', '', '', '2037', '753fd6', 0, '2037', '190', '', 0, '1111', '2012-12-23 06:29:43', 1),
('2010', 'D', 'Nana', 'male', '', '', '', '', '', '652485', '', '', '', '', '', '', '', '', '2038', '9c1110', 0, '2038', '350', '', 0, '1111', '2012-12-23 06:30:01', 1),
('2010', 'E', 'Nana', 'male', '', '', '', '', '', '521455', '', '', '', '', '', '', '', '', '2039', 'qwerty', 1, '2039', '363', '', 0, '1111', '2012-12-23 06:30:53', 1),
('2039', 'A', 'Sad', 'male', '', '', '', '', '', '16613', '', '', '', '', '', '', '', '', '2041', 'bbc65a', 0, '2041', '123', '', 0, '2039', '2012-12-24 06:56:11', 1),
('2041', 'A', 'Qwtt', 'male', '', '', '', '', '', '1657651', '', '', '', '', '', '', '', '', '2042', '61468f', 0, '2042', '63', '', 0, '2039', '2012-12-24 07:00:38', 1),
('2039', 'B', 'Ahsan', 'male', '', '', '', '', '', '1687', '', '', '', '', '', '', '', '', '2043', '7f3efd', 0, '2043', '100', '', 0, '2039', '2012-12-24 07:03:35', 1),
('2039', 'C', 'Qwertty', 'male', '', '', '', '', '', '03485134', '', '', '', '', '', '', '', '', '2044', '94b44c', 0, '2044', '100', '', 0, '2039', '2012-12-24 07:04:41', 1),
('2039', 'D', 'Shahbuddin', 'male', '', '', '', '', '', '167613', '', '', '', '', '', '', '', '', '2045', 'e88ead', 0, '2045', '100', '', 0, '2039', '2012-12-24 07:05:18', 1),
('2039', 'E', 'Afrin', 'male', '', '', '', '', '', '01347853', '', '', '', '', '', '', '', '', '2046', 'ba6a2f', 0, '2046', '100', '', 0, '2039', '2012-12-24 07:10:19', 1),
('2041', 'B', 'Saddam ', 'male', '', '', '', '', '', '9333658', '', '', '', '', '', '', '', '', '2047', '4d4d29', 0, '2047', '25', '', 0, '2039', '2012-12-24 07:11:32', 1),
('2041', 'C', 'Saddam Hossain', 'male', '', '', '', '', '', '93333333', '', '', '', '', '', '', '', '', '2048', '47cc56', 0, '2048', '25', '', 0, '2039', '2012-12-24 07:12:36', 1),
('2041', 'D', 'Star', 'male', '', '', '', '', '', '20748512', '', '', '', '', '', '', '', '', '2049', '508e4d', 0, '2049', '25', '', 0, '2039', '2012-12-24 07:14:13', 1),
('2041', 'E', 'Dream', 'male', '', '', '', '', '', '97777', '', '', '', '', '', '', '', '', '2050', '207927', 0, '2050', '25', '', 0, '2039', '2012-12-24 07:14:58', 1),
('2046', 'A', 'Close', 'male', '', '', '', '', '', '977177', '', '', '', '', '', '', '', '', '2051', '9c51d7', 0, '2051', '25', '', 0, '2039', '2012-12-24 07:19:53', 1),
('2046', 'B', 'Quadri', 'male', '', '', '', '', '', '9771846131', '', '', '', '', '', '', '', '', '2052', 'e9cb9d', 0, '2052', '25', '', 0, '2039', '2012-12-24 07:20:30', 1),
('2046', 'C', 'Pepsudent', 'male', '', '', '', '', '', '8093', '', '', '', '', '', '', '', '', '2053', '9250ca', 0, '2053', '25', '', 0, '2039', '2012-12-24 07:20:57', 1),
('2046', 'D', 'Andemntifondet', 'male', '', '', '', '', '', '7381', '', '', '', '', '', '', '', '', '2054', 'f06268', 0, '2054', '25', '', 0, '2039', '2012-12-24 07:21:35', 1),
('2046', 'E', '12345', 'male', '', '', '', '', '', '4565482', '', '', '', '', '', '', '', '', '2055', '04793d', 0, '2055', '25', '', 0, '2039', '2012-12-24 07:22:08', 1),
('2044', 'A', 'Kalisa', 'male', '', '', '', '', '', '98698', '', '', '', '', '', '', '', '', '2056', '90634f', 0, '2056', '25', '', 0, '2039', '2012-12-24 07:23:21', 1),
('2044', 'B', 'Website', 'male', '', '', '', '', '', '167643', '', '', '', '', '', '', '', '', '2057', 'b953ba', 0, '2057', '25', '', 0, '2039', '2012-12-24 07:23:55', 1),
('2044', 'C', 'Gooday', 'male', '', '', '', '', '', '9258', '', '', '', '', '', '', '', '', '2058', '74edae', 0, '2058', '25', '', 0, '2039', '2012-12-24 07:24:39', 1),
('2044', 'D', 'Sinarest', 'male', '', '', '', '', '', '23569889', '', '', '', '', '', '', '', '', '2059', 'bbe16b', 0, '2059', '25', '', 0, '2039', '2012-12-24 07:25:15', 1),
('2044', 'E', 'Haru', 'male', '', '', '', '', '', '456873', '', '', '', '', '', '', '', '', '2060', 'a0b7b1', 0, '2060', '25', '', 0, '2039', '2012-12-24 07:26:02', 1),
('2043', 'A', 'Add', 'male', '', '', '', '', '', '25645', '', '', '', '', '', '', '', '', '2061', 'd7dc77', 0, '2061', '25', '', 0, '2039', '2012-12-24 07:28:13', 1),
('2043', 'B', 'Net', 'male', '', '', '', '', '', '132465', '', '', '', '', '', '', '', '', '2062', '6dc056', 0, '2062', '25', '', 0, '2039', '2012-12-24 07:28:54', 1),
('2043', 'C', 'Genius', 'male', '', '', '', '', '', '1234657', '', '', '', '', '', '', '', '', '2063', '918b2b', 0, '2063', '25', '', 0, '2039', '2012-12-24 07:29:45', 1),
('2043', 'D', 'Loading', 'male', '', '', '', '', '', '786863', '', '', '', '', '', '', '', '', '2064', 'e3ff0b', 0, '2064', '25', '', 0, '2039', '2012-12-24 07:31:10', 1),
('2043', 'E', 'Moon', 'male', '', '', '', '', '', '1316744397', '', '', '', '', '', '', '', '', '2065', '1aec94', 0, '2065', '25', '', 0, '2039', '2012-12-24 07:32:49', 1),
('2045', 'A', 'Privacy', 'male', '', '', '', '', '', '365469', '', '', '', '', '', '', '', '', '2066', '0ec160', 0, '2066', '25', '', 0, '2039', '2012-12-24 07:47:28', 1),
('2045', 'B', 'Power', 'male', '', '', '', '', '', '4568798', '', '', '', '', '', '', '', '', '2067', 'aec4c7', 0, '2067', '25', '', 0, '2039', '2012-12-24 07:47:54', 1),
('2045', 'C', 'Cow', 'male', '', '', '', '', '', '123456', '', '', '', '', '', '', '', '', '2068', '4cef90', 0, '2068', '25', '', 0, '2039', '2012-12-24 07:48:20', 1),
('2045', 'D', 'Reyaz', 'male', '', '', '', '', '', '789654', '', '', '', '', '', '', '', '', '2069', '83d720', 0, '2069', '25', '', 0, '2039', '2012-12-24 07:56:56', 1),
('2045', 'E', 'Niaju', 'male', '', '', '', '', '', '45657896', '', '', '', '', '', '', '', '', '2070', '415132', 0, '2070', '25', '', 0, '2039', '2012-12-24 07:57:24', 1),
('2042', 'A', 'Vjhfhw', 'male', '', '', '', '', '', '013465', '', '', '', '', '', '', '', '', '2071', 'f0db32', 0, '2071', '65', '', 0, '2039', '2012-12-24 08:05:19', 1),
('2042', 'B', 'Nasiba', 'male', '', '', '', '', '', '13256743', '', '', '', '', '', '', '', '', '2072', 'b4c935', 0, '2072', '', '', 0, '2039', '2012-12-24 08:09:15', 0),
('2042', 'C', 'Sunny', 'male', '', '', '', '', '', '123466', '', '', '', '', '', '', '', '', '2073', '2274cc', 0, '2073', '', '', 0, '2039', '2012-12-24 08:09:54', 0),
('2042', 'D', 'Saddadgff', 'male', '', '', '', '', '', '1348465', '', '', '', '', '', '', '', '', '2074', '972c95', 0, '2074', '', '', 0, '2039', '2012-12-24 08:10:17', 0),
('2042', 'E', 'Tanweer', 'male', '', '', '', '', '', '1246988', '', '', '', '', '', '', '', '', '2075', 'e18948', 0, '2075', '', '', 0, '2039', '2012-12-24 08:10:38', 0),
('2071', 'A', 'Nirma', 'male', '', '', '', '', '', '456579878', '', '', '', '', '', '', '', '', '2077', 'gooday', 1, '2077', '65', '', 27, '2039', '2012-12-24 10:03:49', 1),
('2071', 'B', 'Sandal', 'male', '', '', '', '', '', '1232469', '', '', '', '', '', '', '', '', '2078', 'c72b5e', 0, '2078', '', '', 0, '2039', '2012-12-24 10:04:12', 0),
('2071', 'C', 'Weir', 'male', '', '', '', '', '', '1246987', '', '', '', '', '', '', '', '', '2079', '3586fc', 0, '2079', '', '', 0, '2039', '2012-12-24 10:05:07', 0),
('2071', 'D', 'Casio', 'male', '', '', '', '', '', '434256', '', '', '', '', '', '', '', '', '2080', 'cc07cd', 0, '2080', '', '', 0, '2039', '2012-12-24 10:13:48', 0),
('2071', 'E', 'Devdas', 'male', '', '', '', '', '', '4545465', '', '', '', '', '', '', '', '', '2081', '2bf5ee', 0, '2081', '', '', 0, '2039', '2012-12-24 10:14:26', 0),
('2077', 'A', 'Favicol', 'male', '', '', '', '', '', '456123', '', '', '', '', '', '', '', '', '2082', 'ed1f4d', 0, '2082', '40', '', 0, '2039', '2012-12-24 10:16:46', 1),
('2077', 'B', 'Voucher', 'male', '', '', '', '', '', '323232', '', '', '', '', '', '', '', '', '2083', 'ce9f95', 0, '2083', '', '', 0, '2039', '2012-12-24 10:17:16', 0),
('2077', 'C', 'Lemon', 'male', '', '', '', '', '', '123456789', '', '', '', '', '', '', '', '', '2084', 'de8c25', 0, '2084', '', '', 0, '2039', '2012-12-24 10:17:49', 0),
('2077', 'D', 'Comm', 'male', '', '', '', '', '', '123453169', '', '', '', '', '', '', '', '', '2085', '377939', 0, '2085', '', '', 0, '2039', '2012-12-24 10:18:11', 0),
('2077', 'E', 'This', 'male', '', '', '', '', '', '4141456', '', '', '', '', '', '', '', '', '2086', 'baaddb', 0, '2086', '25', '', 0, '2039', '2012-12-24 10:18:35', 1),
('2082', 'A', 'Sadaf', 'male', '', '', '', '', '', '45468686', '', '', '', '', '', '', '', '', '2087', 'gooday', 1, '2087', '25', '', 11, '2039', '2012-12-24 10:20:02', 1),
('2082', 'B', 'Payable', 'male', '', '', '', '', '', '7878986', '', '', '', '', '', '', '', '', '2088', '45549b', 0, '2088', '', '', 0, '2039', '2012-12-24 10:20:36', 0),
('2082', 'C', 'Mouse', 'male', '', '', '', '', '', '69693', '', '', '', '', '', '', '', '', '2089', '6e5072', 0, '2089', '', '', 0, '2039', '2012-12-24 10:20:54', 0),
('2082', 'D', 'Keyboard', 'male', '', '', '', '', '', '5858586', '', '', '', '', '', '', '', '', '2090', 'f816d9', 0, '2090', '', '', 0, '2039', '2012-12-24 10:21:19', 0),
('2082', 'E', 'Phone', 'male', '', '', '', '', '', '654934', '', '', '', '', '', '', '', '', '2091', 'b2d1e2', 0, '2091', '', '', 0, '2039', '2012-12-24 10:21:47', 0),
('2087', 'A', 'Select', 'male', '', '', '', '', '', '79797', '', '', '', '', '', '', '', '', '2092', '0b96b7', 0, '2092', '', '', 0, '2087', '2012-12-24 10:34:08', 0),
('2087', 'B', 'Munna', 'male', '', '', '', '', '', '12463', '', '', '', '', '', '', '', '', '2093', '831a73', 0, '2093', '', '', 0, '2087', '2012-12-24 10:37:12', 0),
('2087', 'C', 'Level', 'male', '', '', '', '', '', '1687461', '', '', '', '', '', '', '', '', '2094', 'abb428', 0, '2094', '', '', 0, '2087', '2012-12-24 11:24:42', 0),
('2087', 'D', 'Balance', 'male', '', '', '', '', '', '134736', '', '', '', '', '', '', '', '', '2095', '4c84f8', 0, '2095', '', '', 0, '2087', '2012-12-24 11:45:40', 0),
('2087', 'E', 'Details', 'male', '', '', '', '', '', '13464', '', '', '', '', '', '', '', '', '2096', '9f38d8', 0, '2096', '', '', 0, '2087', '2012-12-24 11:52:09', 0),
('2086', 'A', 'Commerce', 'male', '', '', '', '', '', '2168745312', '', '', '', '', '', '', '', '', '2097', '5e47d5', 0, '2097', '', '', 0, '2077', '2012-12-25 11:15:01', 0),
('2086', 'B', 'Tree', 'male', '', '', '', '', '', '06387451', '', '', '', '', '', '', '', '', '2098', 'a5f9e1', 0, '2098', '', '', 0, '2077', '2012-12-25 11:16:10', 0),
('2086', 'C', 'Vbsftg', 'male', '', '', '', '', '', '21346', '', '', '', '', '', '', '', '', '2099', '8ee416', 0, '2099', '', '', 0, '2077', '2012-12-25 11:16:24', 0),
('2086', 'D', 'Related', 'male', '', '', '', '', '', '041532', '', '', '', '', '', '', '', '', '2100', 'f4003e', 0, '2100', '', '', 0, '2077', '2012-12-25 11:16:47', 0),
('2086', 'E', 'My', 'male', '', '', '', '', '', '21746534', '', '', '', '', '', '', '', '', '2101', 'f1b6f3', 0, '2101', '', '', 0, '2077', '2012-12-25 11:17:19', 0),
('2084', 'A', 'Bn Uyrfv ', 'male', '', '', '', '', '', '2431', '', '', '', '', '', '', '', '', '2102', '133644', 0, '2102', '', '', 0, '2077', '2012-12-25 11:22:25', 0),
('2084', 'B', 'Window', 'male', '', '', '', '', '', '21465434', '', '', '', '', '', '', '', '', '2103', '1025c8', 0, '2103', '', '', 0, '2077', '2012-12-25 11:22:57', 0),
('2035', 'A', 'Yuuy', 'male', '', '', '', '', '', '013465', '', '', '', '', '', '', '', '', '2104', 'cb75aa', 0, '2104', '100', '', 0, '2010', '2012-12-25 11:33:16', 1),
('2036', 'A', 'Comm', 'male', '', '', '', '', '', '1237463', '', '', '', '', '', '', '', '', '2105', 'e6747b', 0, '2105', '55', '', 0, '2010', '2012-12-25 11:34:06', 1),
('2035', 'B', 'Saddabnnmjhjk', 'male', '', '', '', '', '', '136745', '', '', '', '', '', '', '', '', '2106', '0b36b5', 0, '2106', '100', '', 0, '2010', '2012-12-25 11:34:40', 1),
('2035', 'C', 'Moon', 'male', '', '', '', '', '', '84', '', '', '', '', '', '', '', '', '2107', 'dbadde', 0, '2107', '100', '', 0, '2010', '2012-12-25 11:35:09', 1),
('2035', 'D', 'We', 'male', '', '', '', '', '', '21345', '', '', '', '', '', '', '', '', '2108', '0eae2b', 0, '2108', '100', '', 0, '2010', '2012-12-25 11:35:28', 1),
('2035', 'E', 'Ghety', 'male', '', '', '', '', '', '21324', '', '', '', '', '', '', '', '', '2109', '10faa0', 0, '2109', '100', '', 0, '2010', '2012-12-25 11:35:45', 1),
('2036', 'B', 'Qtavb', 'male', '', '', '', '', '', '654196', '', '', '', '', '', '', '', '', '2111', 'a52d38', 0, '2111', '100', '', 0, '2010', '2012-12-25 11:36:42', 1),
('2036', 'C', 'Comm', 'male', '', '', '', '', '', '013465', '', '', '', '', '', '', '', '', '2113', '6d22dd', 0, '2113', '25', '', 0, '2010', '2012-12-25 11:37:26', 1),
('2036', 'D', 'Jhvrudfc', 'male', '', '', '', '', '', '11', '', '', '', '', '', '', '', '', '2114', 'bc0f5f', 0, '2114', '25', '', 0, '2010', '2012-12-25 11:37:47', 1),
('2036', 'E', 'Comm', 'male', '', '', '', '', '', '013465', '', '', '', '', '', '', '', '', '2115', 'f34026', 0, '2115', '25', '', 0, '2010', '2012-12-25 11:38:07', 1),
('2037', 'A', 'Qwertty', 'female', '', '', '', '', '', '01347853', '', '', '', '', '', '', '', '', '2116', 'c10c5a', 0, '2116', '40', '', 0, '2010', '2012-12-25 11:39:08', 1),
('2037', 'B', 'Jhfgytsfv', 'male', '', '', '', '', '', '041532', '', '', '', '', '', '', '', '', '2117', '3b9ff4', 0, '2117', '25', '', 0, '2010', '2012-12-25 11:39:31', 1),
('2037', 'C', 'Qwertty', 'male', '', '', '', '', '', '01347853', '', '', '', '', '', '', '', '', '2118', '3dbb3f', 0, '2118', '25', '', 0, '2010', '2012-12-25 11:39:47', 1),
('2037', 'D', 'Qwertty', 'male', '', '', '', '', '', '013465', '', '', '', '', '', '', '', '', '2119', '57fa1d', 0, '2119', '70', '', 0, '2010', '2012-12-25 11:40:05', 1),
('2037', 'E', 'Moon', 'male', '', '', '', '', '', '041532', '', '', '', '', '', '', '', '', '2120', '4829ba', 0, '2120', '100', '', 0, '2010', '2012-12-25 11:40:20', 1),
('2038', 'A', 'Comm', 'male', '', '', '', '', '', '01347853', '', '', '', '', '', '', '', '', '2121', 'ece44b', 0, '2121', '100', '', 0, '2010', '2012-12-25 11:41:02', 1),
('2038', 'B', 'Vbjhdfm N', 'male', '', '', '', '', '', '21465434', '', '', '', '', '', '', '', '', '2122', '476440', 0, '2122', '100', '', 0, '2010', '2012-12-25 11:41:56', 1),
('2038', 'C', 'Jmntg', 'male', '', '', '', '', '', '3243', '', '', '', '', '', '', '', '', '2123', '25d32b', 0, '2123', '100', '', 0, '2010', '2012-12-25 11:42:10', 1),
('2038', 'D', 'Kjgir Ft', 'male', '', '', '', '', '', '326543', '', '', '', '', '', '', '', '', '2124', '340230', 0, '2124', '100', '', 0, '2010', '2012-12-25 11:42:27', 1),
('2038', 'E', 'Vbmnfgvb', 'male', '', '', '', '', '', '31', '', '', '', '', '', '', '', '', '2125', '98518c', 0, '2125', '100', '', 0, '2010', '2012-12-25 11:43:21', 1),
('2104', 'A', 'Mnvitf', 'male', '', '', '', '', '', '13243', '', '', '', '', '', '', '', '', '2126', '471097', 0, '2126', '25', '', 0, '2010', '2012-12-25 11:44:04', 1),
('2104', 'B', ' njkfg', 'male', '', '', '', '', '', '032431', '', '', '', '', '', '', '', '', '2127', '413d23', 0, '2127', '25', '', 0, '2010', '2012-12-25 11:44:36', 1),
('2104', 'C', 'Bukyhn', 'male', '', '', '', '', '', '547564', '', '', '', '', '', '', '', '', '2128', '7673cd', 0, '2128', '25', '', 0, '2010', '2012-12-25 11:44:55', 1),
('2104', 'D', 'M Fgvj Mn', 'male', '', '', '', '', '', '21654', '', '', '', '', '', '', '', '', '2129', '099501', 0, '2129', '25', '', 0, '2010', '2012-12-25 11:45:52', 1),
('2104', 'E', '3217465', 'male', '', '', '', '', '', '3', '', '', '', '', '', '', '', '', '2130', '0518fb', 0, '2130', '25', '', 0, '2010', '2012-12-25 11:46:08', 1),
('2106', 'A', 'Bnvu5d', 'male', '', '', '', '', '', '21453', '', '', '', '', '', '', '', '', '2131', '65b803', 0, '2131', '25', '', 0, '2010', '2012-12-25 11:47:50', 1),
('2106', 'B', '321746', 'male', '', '', '', '', '', '23163453', '', '', '', '', '', '', '', '', '2132', '7d50e4', 0, '2132', '25', '', 0, '2010', '2012-12-25 11:48:07', 1),
('2106', 'C', 'Kjtrt7fv', 'male', '', '', '', '', '', '2153', '', '', '', '', '', '', '', '', '2133', '6acd33', 0, '2133', '25', '', 0, '2010', '2012-12-25 11:48:22', 1),
('2106', 'D', 'Njry', 'male', '02745', '', '', '', '', '21765', '', '', '', '', '', '', '', '', '2134', '99fd12', 0, '2134', '25', '', 0, '2010', '2012-12-25 11:48:41', 1),
('2106', 'E', 'Bjk56udrcf', 'male', '', '', '', '', '', '21465', '', '', '', '', '', '', '', '', '2135', '8f1a41', 0, '2135', '25', '', 0, '2010', '2012-12-25 11:48:56', 1),
('2107', 'A', 'Mbvyc', 'male', '', '', '', '', '', '2074', '', '', '', '', '', '', '', '', '2136', 'a15eb2', 0, '2136', '25', '', 0, '2010', '2012-12-25 11:49:30', 1),
('2107', 'B', 'Nitgu', 'male', '', '', '', '', '', '01346', '', '', '', '', '', '', '', '', '2138', '43b7a8', 0, '2138', '25', '', 0, '2010', '2012-12-25 11:49:56', 1),
('2107', 'C', ' tfgyvb', 'male', '', '', '', '', '', '24651', '', '', '', '', '', '', '', '', '2139', 'f350d9', 0, '2139', '25', '', 0, '2010', '2012-12-25 11:50:07', 1),
('2107', 'D', 'N Uifyv', 'male', '04', '', '', '', '', '032743', '', '', '', '', '', '', '', '', '2140', 'f22c30', 0, '2140', '25', '', 0, '2010', '2012-12-25 11:50:23', 1),
('2107', 'E', 'Mn7 Tfg', 'male', '', '', '', '', '', '04', '', '', '', '', '', '', '', '', '2141', '2c67d7', 0, '2141', '25', '', 0, '2010', '2012-12-25 11:50:42', 1),
('2108', 'A', 'Nvitfv', 'male', '', '', '', '', '', '2153', '', '', '', '', '', '', '', '', '2142', '4a2953', 0, '2142', '25', '', 0, '2010', '2012-12-25 11:51:16', 1),
('2108', 'B', 'Mnuiry', 'male', '', '', '', '', '', '2146', '', '', '', '', '', '', '', '', '2143', '5c6748', 0, '2143', '25', '', 0, '2010', '2012-12-25 11:51:33', 1),
('2108', 'C', 'Mnuty', 'male', 'G', '', '', '', '', '2123', '', '', '', '', '', '', '', '', '2144', 'a675dd', 0, '2144', '25', '', 0, '2010', '2012-12-25 11:51:54', 1),
('2108', 'D', 'Nkguu', 'male', '', '', '', '', '', '21421', '', '', '', '', '', '', '', '', '2145', 'b0920a', 0, '2145', '25', '', 0, '2010', '2012-12-25 11:52:11', 1),
('2108', 'E', 'Vbutyg', 'male', '', '', '', '', '', '324651', '', '', '', '', '', '', '', '', '2146', '93042f', 0, '2146', '25', '', 0, '2010', '2012-12-25 11:52:25', 1),
('2111', 'A', 'Hmuydt', 'male', '', '', '', '', '', '11413', '', '', '', '', '', '', '', '', '2147', '88314d', 0, '2147', '25', '', 0, '2010', '2012-12-25 11:52:56', 1),
('2111', 'B', 'Mhgu Yd', 'male', '', '', '', '', '', '2346', '', '', '', '', '', '', '', '', '2148', '8524b4', 0, '2148', '25', '', 0, '2010', '2012-12-25 11:53:28', 1),
('2111', 'C', 'Mkr Yujh', 'male', '', '', '', '', '', '0132463', '', '', '', '', '', '', '', '', '2149', '7bd04b', 0, '2149', '25', '', 0, '2010', '2012-12-25 11:53:43', 1),
('2111', 'D', 'Mky8u', 'male', '', '', '', '', '', '4541', '', '', '', '', '', '', '', '', '2150', '3c7a68', 0, '2150', '25', '', 0, '2010', '2012-12-25 11:53:55', 1),
('2111', 'E', 'Nuigy', 'male', '', '', '', '', '', '0374613', '', '', '', '', '', '', '', '', '2151', '16de4a', 0, '2151', '25', '', 0, '2010', '2012-12-25 11:54:09', 1),
('2109', 'A', 'Mtfgv', 'male', '', '', '', '', '', '125743', '', '', '', '', '', '', '', '', '2152', '59c35c', 0, '2152', '25', '', 0, '2010', '2012-12-25 11:55:01', 1),
('2109', 'B', 'Mnbuy Fgv', 'male', '', '', '', '', '', '02346164', '', '', '', '', '', '', '', '', '2153', 'c119cb', 0, '2153', '25', '', 0, '2010', '2012-12-25 11:55:24', 1),
('2109', 'C', 'Mnfv', 'male', '', '', '', '', '', '21748513', '', '', '', '', '', '', '', '', '2154', 'c6e643', 0, '2154', '25', '', 0, '2010', '2012-12-25 11:55:40', 1),
('2109', 'D', 'Mbniuyfv', 'male', '', '', '', '', '', '027413', '', '', '', '', '', '', '', '', '2155', '112f6c', 0, '2155', '25', '', 0, '2010', '2012-12-25 11:56:01', 1),
('2109', 'E', 'Mn Rfycgh', 'male', 'N', '', '', '', '', '132746', '', '', '', '', '', '', '', '', '2156', '7708b2', 0, '2156', '25', '', 0, '2010', '2012-12-25 11:56:23', 1),
('2105', 'A', 'Nkjgyvh', 'male', '', '', '', '', '', '2223', '', '', '', '', '', '', '', '', '2159', 'a8ed4e', 0, '2159', '25', '', 0, '2010', '2012-12-25 11:58:02', 1),
('2105', 'B', 'Nmvyjdcf ', 'male', 'V', '', '', '', '', '02374', '', '', '', '', '', '', '', '', '2160', '6e69a8', 0, '2160', '25', '', 0, '2010', '2012-12-25 11:58:14', 1),
('2105', 'C', ' bnvuycf', 'male', '', '', '', '', '', '124798653', '', '', '', '', '', '', '', '', '2161', '712374', 0, '2161', '', '', 0, '2010', '2012-12-25 11:58:31', 0),
('2105', 'D', 'Mnyutdch', 'male', '', '', '', '', '', '1543', '', '', '', '', '', '', '', '', '2162', '91983d', 0, '2162', '', '', 0, '2010', '2012-12-25 11:59:05', 0),
('2105', 'E', 'Nb Hjerf', 'male', 'C', '', '', '', '', '0132746', '', '', '', '', '', '', '', '', '2163', '8006b6', 0, '2163', '', '', 0, '2010', '2012-12-25 11:59:20', 0),
('2113', 'A', 'Nm H Rfy', 'male', 'Gvh', '', '', '', '', '017543', '', '', '', '', '', '', '', '', '2164', 'ab5512', 0, '2164', '', '', 0, '2010', '2012-12-25 12:00:26', 0),
('2113', 'B', 'Mn Bjtf', 'male', '', '', '', '', '', '0153', '', '', '', '', '', '', '', '', '2165', '59486c', 0, '2165', '', '', 0, '2010', '2012-12-25 12:00:37', 0),
('2113', 'C', 'Nbuyt', 'male', 'G', '', '', '', '', '01533', '', '', '', '', '', '', '', '', '2166', '174aef', 0, '2166', '', '', 0, '2010', '2012-12-25 12:00:49', 0),
('2113', 'D', 'K Tguyv', 'male', '02540', '', '', '', '', '025', '', '', '', '', '', '', '', '', '2167', '623059', 0, '2167', '', '', 0, '2010', '2012-12-25 12:01:10', 0),
('2113', 'E', 'Mbnue5rf', 'male', '', '', '', '', '', '1741', '', '', '', '', '', '', '', '', '2168', 'def27a', 0, '2168', '', '', 0, '2010', '2012-12-25 12:01:33', 0),
('2114', 'A', 'Nb Ucf', 'male', '', '', '', '', '', '014635', '', '', '', '', '', '', '', '', '2169', '2b3cb7', 0, '2169', '', '', 0, '2010', '2012-12-25 12:03:14', 0),
('2114', 'B', 'Nb Uyfgv', 'male', '', '', '', '', '', '374130', '', '', '', '', '', '', '', '', '2170', '311f00', 0, '2170', '', '', 0, '2010', '2012-12-25 12:03:31', 0),
('2114', 'C', 'Mby', 'male', 'Vg', '', '', '', '', '1413', '', '', '', '', '', '', '', '', '2171', '37936c', 0, '2171', '', '', 0, '2010', '2012-12-25 12:03:47', 0),
('2114', 'D', ' uf', 'male', 'Gvj', '', '', '', '', '324633', '', '', '', '', '', '', '', '', '2172', '0c30ac', 0, '2172', '', '', 0, '2010', '2012-12-25 12:04:00', 0),
('2114', 'E', ', ,bjgv', 'male', '', '', '', '', '', '122', '', '', '', '', '', '', '', '', '2173', 'cdccf9', 0, '2173', '', '', 0, '2010', '2012-12-25 12:04:12', 0),
('2115', 'A', 'N Ytg', 'male', '', '', '', '', '', '3241', '', '', '', '', '', '', '', '', '2174', '643010', 0, '2174', '', '', 0, '2010', '2012-12-25 12:04:54', 0),
('2115', 'B', 'K Tguyv', 'male', '', '', '', '', '', '01347853', '', '', '', '', '', '', '', '', '2175', '9c1624', 0, '2175', '', '', 0, '2010', '2012-12-25 12:05:13', 0),
('2115', 'C', 'K Tguyv', 'male', '', '', '', '', '', '01347853', '', '', '', '', '', '', '', '', '2176', 'a9cc15', 0, '2176', '', '', 0, '2010', '2012-12-25 12:05:30', 0),
('2115', 'D', 'Qwertty', 'male', '', '', '', '', '', '01347853', '', '', '', '', '', '', '', '', '2177', '455374', 0, '2177', '', '', 0, '2010', '2012-12-25 12:06:12', 0),
('2115', 'E', 'Mh67utyg', 'male', '', '', '', '', '', '458754', '', '', '', '', '', '', '', '', '2178', '6aadbb', 0, '2178', '', '', 0, '2010', '2012-12-25 12:06:30', 0),
('2116', 'A', '. mibnmtg', 'male', '', '', '', '', '', '2153213', '', '', '', '', '', '', '', '', '2179', '581e4e', 0, '2179', '', '', 0, '2010', '2012-12-25 12:06:45', 0),
('2116', 'B', 'Bn Edcfg', 'male', '', '', '', '', '', '4014', '', '', '', '', '', '', '', '', '2180', '58cb96', 0, '2180', '', '', 0, '2010', '2012-12-25 12:08:05', 0),
('2116', 'C', 'Nbvt ', 'male', '', '', '', '', '', '052', '', '', '', '', '', '', '', '', '2181', 'e7b32d', 0, '2181', '25', '', 0, '2010', '2012-12-25 12:09:18', 1),
('2116', 'D', ' nvrtf', 'male', 'G', '', '', '', '', '32741', '', '', '', '', '', '', '', '', '2182', 'dab949', 0, '2182', '', '', 0, '2010', '2012-12-25 12:09:33', 0),
('2116', 'E', 'Nvbyj', 'male', 'H', '', '', '', '', '0324613', '', '', '', '', '', '', '', '', '2183', 'e17264', 0, '2183', '', '', 0, '2010', '2012-12-25 12:09:50', 0),
('2117', 'A', 'M Nbiutf', 'male', 'G', '', '', '', '', '0374313', '', '', '', '', '', '', '', '', '2184', 'cbfe7f', 0, '2184', '', '', 0, '2010', '2012-12-25 12:10:04', 0),
('2117', 'B', 'Bhrtfv', 'male', '', '', '', '', '', '3461', '', '', '', '', '', '', '', '', '2185', 'caf91b', 0, '2185', '', '', 0, '2010', '2012-12-25 12:10:20', 0),
('2117', 'C', 'Nm Uy5td', 'male', '', '', '', '', '', '0132746', '31', '', '', '', '', '', '', '', '2186', '51ba24', 0, '2186', '', '', 0, '2010', '2012-12-25 12:10:45', 0),
('2117', 'D', ' njk', 'male', 'G', '', '', '', '', '13274631', '', '', '', '', '', '', '', '', '2187', '776288', 0, '2187', '', '', 0, '2010', '2012-12-25 12:11:03', 0),
('2117', 'E', 'Mnbytfgv', 'male', '', '', '', '', '', '16941', '', '', '', '', '', '', '', '', '2188', '82bb15', 0, '2188', '', '', 0, '2010', '2012-12-25 12:11:20', 0),
('2118', 'A', ' nbyj', 'male', 'H', '', '', '', '', '3748', '', '', '', '', '', '', '', '', '2189', '5368a3', 0, '2189', '', '', 0, '2010', '2012-12-25 12:11:33', 0),
('2118', 'B', 'Mn Tf', 'male', 'Gv', '', '', '', '', '21543', '', '', '', '', '', '', '', '', '2190', '12363e', 0, '2190', '', '', 0, '2010', '2012-12-25 12:11:45', 0),
('2118', 'C', 'Bhhrtfhg', 'male', '', '', '', '', '', '67463', '', '', '', '', '', '', '', '', '2191', '4a30b3', 0, '2191', '', '', 0, '2010', '2012-12-25 12:12:52', 0),
('2118', 'D', 'Mvbjc', 'male', '', '', '', '', '', '21968451', '', '', '', '', '', '', '', '', '2192', '42ef89', 0, '2192', '', '', 0, '2010', '2012-12-25 12:14:44', 0),
('2118', 'E', 'N Myufvg', 'male', '034613243', '', '', '', '', '20684513', '', '', '', '', '', '', '', '', '2193', '7e290f', 0, '2193', '', '', 0, '2010', '2012-12-25 12:15:03', 0),
('2119', 'A', 'Dhsg', 'male', 'Fasg', '', '', '', '', '4154545', '', '', '', '', '', '', '', '', '2194', '41a4aa', 0, '2194', '', '', 0, '2010', '2012-12-25 12:15:48', 0),
('2119', 'B', 'Gdjgfgo', 'male', 'Rptrpgo', '', '', '', '', '6330453', '', '', '', '', '', '', '', '', '2195', '9f245b', 0, '2195', '', '', 0, '2010', '2012-12-25 12:17:13', 0),
('2119', 'C', 'Fjfhdfjiodjf', 'male', 'Kfdofo', '', '', '', '', '21364', '', '', '', '', '', '', '', '', '2196', 'd7f70c', 0, '2196', '25', '', 0, '2010', '2012-12-25 12:17:33', 1),
('2119', 'D', 'Dtyggdrd', 'male', 'Gujkj', '', '', '', '', '3265633', '', '', '', '', '', '', '', '', '2197', '3c130d', 0, '2197', '25', '', 0, '2010', '2012-12-25 12:17:55', 1),
('2119', 'E', 'Dtuhiiu', 'male', 'Jkllklkl', '', '', '', '', '2659656', '', '', '', '', '', '', '', '', '2198', 'ba8ce9', 0, '2198', '25', '', 0, '2010', '2012-12-25 12:18:19', 1),
('2120', 'A', ' sdxf', 'male', '', '', '', '', '', '1374613', '', '', '', '', '', '', '', '', '2199', '9df663', 0, '2199', '25', '', 0, '2010', '2012-12-25 12:27:05', 1),
('2120', 'B', 'Bvdc', 'male', '', '', '', '', '', '254', '', '', '', '', '', '', '', '', '2200', 'a4172c', 0, '2200', '25', '', 0, '2010', '2012-12-25 12:27:22', 1),
('2120', 'C', 'B Nthrd', 'male', 'F', '', '', '', '', '046', '', '', '', '', '', '', '', '', '2201', '715207', 0, '2201', '25', '', 0, '2010', '2012-12-25 12:27:35', 1),
('2120', 'D', 'Bn Dcfg', 'male', '', '', '', '', '', '16749', '', '', '', '', '', '', '', '', '2202', '00c55d', 0, '2202', '25', '', 0, '2010', '2012-12-25 12:28:00', 1),
('2120', 'E', 'VHUYDR', 'male', 'C', '', '', '', '', '03', '', '', '', '', '', '', '', '', '2203', 'dcdd03', 0, '2203', '25', '', 0, '2010', '2012-12-25 12:28:45', 1),
('2121', 'A', ' NF', 'male', 'GH', '', '', '', '', '134134', '', '', '', '', '', '', '', '', '2204', 'c83a67', 0, '2204', '25', '', 0, '2010', '2012-12-25 12:29:00', 1),
('2121', 'B', 'MVBUTCRF', 'male', 'GV', '', '', '', '', '3741', '', '', '', '', '', '', '', '', '2205', '916a3a', 0, '2205', '25', '', 0, '2010', '2012-12-25 12:29:13', 1),
('2121', 'C', 'N B7T5', 'male', 'GB', '', '', '', '', '0358', '', '', '', '', '', '', '', '', '2206', '4b28bd', 0, '2206', '25', '', 0, '2010', '2012-12-25 12:29:24', 1),
('2121', 'D', 'N DR', 'male', 'CFV', '', '', '', '', '1327461', '', '', '', '', '', '', '', '', '2207', '2e0457', 0, '2207', '25', '', 0, '2010', '2012-12-25 12:29:38', 1),
('2121', 'E', 'M NBDT', 'male', 'YCFGH', '', '', '', '', '1533', '', '', '', '', '', '', '', '', '2208', 'f0374f', 0, '2208', '25', '', 0, '2010', '2012-12-25 12:29:51', 1),
('2122', 'A', 'MN DT', 'male', 'YG', '', '', '', '', '203245', '', '', '', '', '', '', '', '', '2209', 'a9e24d', 0, '2209', '25', '', 0, '2010', '2012-12-25 12:30:02', 1),
('2122', 'B', 'JBUY', 'male', 'TGV', '', '', '', '', '011', '', '', '', '', '', '', '', '', '2210', '516953', 0, '2210', '25', '', 0, '2010', '2012-12-25 12:30:13', 1),
('2122', 'C', 'N IUTF', 'male', 'GV', '', '', '', '', '03274863', '', '', '', '', '', '', '', '', '2211', '1251f1', 0, '2211', '25', '', 0, '2010', '2012-12-25 12:30:25', 1),
('2122', 'D', 'M 76', 'male', 'GV', '', '', '', '', '27543', '', '', '', '', '', '', '', '', '2212', 'cc4ef4', 0, '2212', '25', '', 0, '2010', '2012-12-25 12:30:36', 1),
('2122', 'E', ' UTFGV', 'male', '', '', '', '', '', '2154', '', '', '', '', '', '', '', '', '2213', 'ac30ec', 0, '2213', '25', '', 0, '2010', '2012-12-25 12:30:50', 1),
('2123', 'A', 'M NU6YG', 'male', 'J', '', '', '', '', '152', '', '', '', '', '', '', '', '', '2214', '596cc9', 0, '2214', '25', '', 0, '2010', '2012-12-25 12:31:01', 1),
('2123', 'B', 'MBN R ', 'male', 'F', '', '', '', '', '7542454', '', '', '', '', '', '', '', '', '2215', '06a498', 0, '2215', '25', '', 0, '2010', '2012-12-25 12:31:12', 1),
('2123', 'C', 'MN FT', 'male', 'G', '', '', '', '', '05421', '', '', '', '', '', '', '', '', '2216', 'c124c4', 0, '2216', '25', '', 0, '2010', '2012-12-25 12:31:24', 1),
('2123', 'D', 'MNVYT', 'male', 'G', '', '', '', '', '427323', '', '', '', '', '', '', '', '', '2217', '828672', 0, '2217', '25', '', 0, '2010', '2012-12-25 12:31:36', 1),
('2123', 'E', 'M KTGY', 'male', 'H', '', '', '', '', '05223', '', '', '', '', '', '', '', '', '2218', '85611e', 0, '2218', '25', '', 0, '2010', '2012-12-25 12:31:52', 1),
('2124', 'A', 'BN B TY', 'male', 'GV', '', '', '', '', '1542', '', '', '', '', '', '', '', '', '2219', 'ab2522', 0, '2219', '25', '', 0, '2010', '2012-12-25 12:32:26', 1),
('2124', 'B', 'MN TF', 'male', 'G', '', '', '', '', '154173', '', '', '', '', '', '', '', '', '2220', 'c757ed', 0, '2220', '25', '', 0, '2010', '2012-12-25 12:32:44', 1),
('2124', 'C', 'MN FV', 'male', '', '', '', '', '', '127543', '', '', '', '', '', '', '', '', '2221', '8d8fc4', 0, '2221', '25', '', 0, '2010', '2012-12-25 12:32:56', 1),
('2124', 'D', ' JKTGUY', 'male', '', '', '', '', '', '013274130', '', '', '', '', '', '', '', '', '2222', '89e6a7', 0, '2222', '25', '', 0, '2010', '2012-12-25 12:33:12', 1),
('2124', 'E', 'VBHTG', 'male', '141', '', '', '', '', '145', '', '', '', '', '', '', '', '', '2223', 'c5d621', 0, '2223', '25', '', 0, '2010', '2012-12-25 12:33:32', 1),
('2125', 'A', 'BUIYFV', 'male', '', '', '', '', '', '1277542', '', '', '', '', '', '', '', '', '2224', 'b82c75', 0, '2224', '25', '', 0, '2010', '2012-12-25 12:33:47', 1),
('2125', 'B', 'N B Rftgv', 'male', '', '', '', '', '', '32741521', '', '', '', '', '', '', '', '', '2225', '941ec0', 0, '2225', '25', '', 0, '2010', '2012-12-25 12:34:01', 1),
('2125', 'C', 'Mnb67yfu', 'male', 'Gv', '', '', '', '', '421', '', '', '', '', '', '', '', '', '2226', '5a2f82', 0, '2226', '25', '', 0, '2010', '2012-12-25 12:34:13', 1),
('2125', 'D', 'Mn Tfgv', 'male', '1', '', '', '', '', '245', '', '', '', '', '', '', '', '', '2227', '077700', 0, '2227', '25', '', 0, '2010', '2012-12-25 12:34:24', 1),
('2125', 'E', 'M 6t', 'male', 'G', '', '', '', '', '127543', '', '', '', '', '', '', '', '', '2228', 'a8f8df', 0, '2228', '25', '', 0, '2010', '2012-12-25 12:34:34', 1),
('2047', 'A', 'Cgharf', 'male', '', '', '', '', '', '328764351', '', '', '', '', '', '', '', '', '2229', '5f000d', 0, '2229', '', '', 0, '2010', '2012-12-26 06:17:25', 0),
('2047', 'B', 'Cv6rf', 'male', '', '', '', '', '', '3128351', '', '', '', '', '', '', '', '', '2230', '0d78c8', 0, '2230', '', '', 0, '2010', '2012-12-26 06:18:08', 0),
('2047', 'C', 'Niuyh', 'male', '', '', '', '', '', '2146', '', '', '', '', '', '', '', '', '2231', '243dfd', 0, '2231', '', '', 0, '2010', '2012-12-26 06:19:14', 0),
('2047', 'D', 'Comm', 'male', '', '', '', '', '', '013465', '', '', '', '', '', '', '', '', '2232', '8cea1c', 0, '2232', '', '', 0, '2010', '2012-12-26 06:19:52', 0),
('2047', 'E', 'BUIYFV', 'male', '', '', '', '', '', '041532', '', '', '', '', '', '', '', '', '2233', '7e7942', 0, '2233', '', '', 0, '2010', '2012-12-26 06:20:07', 0),
('2048', 'A', 'Comm', 'male', '', '', '', '', '', '01347853', '', '', '', '', '', '', '', '', '2234', '90c581', 0, '2234', '', '', 0, '2010', '2012-12-26 06:20:41', 0),
('2048', 'B', 'K Tguyv', 'male', '', '', '', '', '', '013465', '', '', '', '', '', '', '', '', '2235', '320929', 0, '2235', '', '', 0, '2010', '2012-12-26 06:21:07', 0),
('2048', 'C', 'K Tguyv', 'male', '', '', '', '', '', '041532', '', '', '', '', '', '', '', '', '2236', '47d916', 0, '2236', '', '', 0, '2010', '2012-12-26 06:21:24', 0),
('2048', 'D', 'Gbuytfgv', 'male', '', '', '', '', '', '206541', '', '', '', '', '', '', '', '', '2237', '92132f', 0, '2237', '', '', 0, '2010', '2012-12-26 06:22:17', 0),
('2048', 'E', 'Bnvh', 'male', '', '', '', '', '', '01328543', '', '', '', '', '', '', '', '', '2238', '1933e4', 0, '2238', '', '', 0, '2010', '2012-12-26 06:22:57', 0),
('2049', 'A', 'Hvvuyt', 'male', '', '', '', '', '', '0138746', '', '', '', '', '', '', '', '', '2239', '0145a4', 0, '2239', '', '', 0, '2010', '2012-12-26 06:23:12', 0),
('2049', 'B', 'Jhvuy', 'male', 'G', '', '', '', '', '234865', '', '', '', '', '', '', '', '', '2240', 'f1087c', 0, '2240', '', '', 0, '2010', '2012-12-26 06:23:59', 0),
('2049', 'C', 'Bhurf6t', 'male', '', '', '', '', '', '21674633', '', '', '', '', '', '', '', '', '2241', 'c95b1d', 0, '2241', '', '', 0, '2010', '2012-12-26 06:24:28', 0),
('2049', 'D', 'Bhjrfv', 'male', '', '', '', '', '', '016873', '', '', '', '', '', '', '', '', '2242', '67c461', 0, '2242', '', '', 0, '2010', '2012-12-26 06:24:54', 0),
('2049', 'E', 'Bfvgbn', 'male', '', '', '', '', '', '065876543', '', '', '', '', '', '', '', '', '2243', '8a2a14', 0, '2243', '', '', 0, '2010', '2012-12-26 06:26:16', 0),
('2050', 'A', 'Vbur5df', 'male', '', '', '', '', '', '0156875465', '', '', '', '', '', '', '', '', '2244', '786d94', 0, '2244', '', '', 0, '2010', '2012-12-26 06:26:31', 0),
('2050', 'B', 'Jtfgv', 'male', 'B', '', '', '', '', '3219845', '', '', '', '', '', '', '', '', '2245', '80d52b', 0, '2245', '', '', 0, '2010', '2012-12-26 06:27:36', 0),
('2050', 'C', ' jnfjtgh', 'male', '', '', '', '', '', '1657465', '', '', '', '', '', '', '', '', '2246', '890b0c', 0, '2246', '', '', 0, '2010', '2012-12-26 06:28:08', 0),
('2050', 'D', 'Mn Mrfygv', 'male', '', '', '', '', '', '32141302', '', '', '', '', '', '', '', '', '2247', '33abc6', 0, '2247', '', '', 0, '2010', '2012-12-26 06:29:07', 0),
('2050', 'E', 'Gvfjb', 'male', '', '', '', '', '', '324135', '', '', '', '', '', '', '', '', '2248', 'f74077', 0, '2248', '', '', 0, '2010', '2012-12-26 06:29:51', 0),
('2051', 'A', 'Zdvdsfh', 'male', '', '', '', '', '', '13748651', '', '', '', '', '', '', '', '', '2249', 'aae666', 0, '2249', '', '', 0, '2010', '2012-12-26 06:31:38', 0),
('2051', 'B', 'Hgtyfgv', 'male', 'B', '', '', '', '', '321987645', '', '', '', '', '', '', '', '', '2250', 'cd5045', 0, '2250', '', '', 0, '2010', '2012-12-26 06:33:16', 0),
('2051', 'C', 'Mnhtfgv', 'male', '', '', '', '', '', '31684', '', '', '', '', '', '', '', '', '2251', 'bab138', 0, '2251', '', '', 0, '2010', '2012-12-26 06:33:31', 0),
('2051', 'D', 'Hj7i6rtf', 'male', 'G', '', '', '', '', '164132', '', '', '', '', '', '', '', '', '2252', '83b6a7', 0, '2252', '', '', 0, '2010', '2012-12-26 06:34:16', 0),
('2051', 'E', 'M Tfgv', 'male', 'b ', '', '', '', '', '13743632', '', '', '', '', '', '', '', '', '2253', 'e32a55', 0, '2253', '', '', 0, '2010', '2012-12-26 06:37:18', 0),
('2052', 'A', 'Jhguyjg', 'male', '', '', '', '', '', '013241', '', '', '', '', '', '', '', '', '2255', '2997e6', 0, '2255', '', '', 0, '2010', '2012-12-26 06:40:18', 0),
('2052', 'B', 'Bju5t', 'male', 'G', '', '', '', '', '125432', '', '', '', '', '', '', '', '', '2256', '01c654', 0, '2256', '', '', 0, '2010', '2012-12-26 06:41:20', 0),
('2052', 'C', 'Vbjuyfvg', 'male', '', '', '', '', '', '3', '', '', '', '', '', '', '', '', '2257', 'e77988', 0, '2257', '', '', 0, '2010', '2012-12-26 06:42:38', 0),
('2052', 'D', 'Jg67ty', 'male', '', '', '', '', '', '32174133', '', '', '', '', '', '', '', '', '2258', 'a76c17', 0, '2258', '', '', 0, '2010', '2012-12-26 06:42:50', 0),
('2052', 'E', 'Jgfygvu', 'male', '', '', '', '', '', '45654', '', '', '', '', '', '', '', '', '2259', 'db38ea', 0, '2259', '', '', 0, '2010', '2012-12-26 06:44:29', 0),
('2053', 'A', 'Kh6tg', 'male', 'Y', '', '', '', '', '5454213', '', '', '', '', '', '', '', '', '2260', '8a0ecd', 0, '2260', '', '', 0, '2010', '2012-12-26 06:44:40', 0),
('2053', 'B', 'Jhvr5ftvg', 'male', '', '', '', '', '', '354653', '', '', '', '', '', '', '', '', '2261', '31fba9', 0, '2261', '', '', 0, '2010', '2012-12-26 06:45:07', 0),
('2053', 'C', 'Tfg67utfv', 'male', '', '', '', '', '', '1746563', '', '', '', '', '', '', '', '', '2262', 'e1891f', 0, '2262', '', '', 0, '2010', '2012-12-26 06:45:18', 0),
('2053', 'D', 'Hbrft', 'male', 'Y', '', '', '', '', '246784', '', '', '', '', '', '', '', '', '2263', '7dc155', 0, '2263', '', '', 0, '2010', '2012-12-26 06:45:27', 0),
('2053', 'E', 'Jg867rtfgv', 'male', '', '', '', '', '', '321963', '', '', '', '', '', '', '', '', '2264', '2747fe', 0, '2264', '', '', 0, '2010', '2012-12-26 06:45:38', 0),
('2054', 'A', 'Mnjgu867t', 'male', 'G', '', '', '', '', '20374153', '', '', '', '', '', '', '', '', '2265', 'e3662f', 0, '2265', '', '', 0, '2010', '2012-12-26 06:45:50', 0),
('2054', 'B', 'J5r', 'male', 'T', '', '', '', '', '32', '', '', '', '', '', '', '', '', '2266', 'c07598', 0, '2266', '', '', 0, '2010', '2012-12-26 06:46:04', 0),
('2054', 'C', 'Ghfu6tf', 'male', 'G', '', '', '', '', '1327465', '', '', '', '', '', '', '', '', '2267', '58ae80', 0, '2267', '', '', 0, '2010', '2012-12-26 06:46:13', 0),
('2054', 'D', 'Nkjt67', 'male', '', '', '', '', '', '256741', '', '', '', '', '', '', '', '', '2268', '303fd4', 0, '2268', '', '', 0, '2010', '2012-12-26 06:46:27', 0),
('2054', 'E', 'Vuyrt6f7g', 'male', 'Uu', '', '', '', '', '35498132', '', '', '', '', '', '', '', '', '2269', '03fe6f', 0, '2269', '', '', 0, '2010', '2012-12-26 06:46:40', 0),
('2055', 'A', 'Vfuyvuy', 'male', '', '', '', '', '', '3541532859', '', '', '', '', '', '', '', '', '2270', '95afeb', 0, '2270', '', '', 0, '2010', '2012-12-26 06:47:05', 0),
('2055', 'B', 'Hg78rt6i', 'male', '', '', '', '', '', '654351', '', '', '', '', '', '', '', '', '2271', '40a1d7', 0, '2271', '', '', 0, '2010', '2012-12-26 06:47:16', 0),
('2055', 'C', 'N786tfg', 'male', '', '', '', '', '', '156746853', '', '', '', '', '', '', '', '', '2272', '114bc7', 0, '2272', '', '', 0, '2010', '2012-12-26 06:47:45', 0),
('2055', 'D', 'Vu5ryf', 'male', '', '', '', '', '', '3514987451', '', '', '', '', '', '', '', '', '2273', 'd29609', 0, '2273', '', '', 0, '2010', '2012-12-26 06:47:57', 0),
('2055', 'E', 'Ujhrt567', 'male', '', '', '', '', '', '748651', '', '', '', '', '', '', '', '', '2274', 'f256e0', 0, '2274', '', '', 0, '2010', '2012-12-26 06:48:15', 0),
('2056', 'A', 'Hjgi7rtfg', 'male', '', '', '', '', '', '1347351', '', '', '', '', '', '', '', '', '2276', '943aab', 0, '2276', '', '', 0, '2010', '2012-12-26 06:48:41', 0),
('2056', 'B', 'Guyt6g7uy', 'male', 'H', '', '', '', '', '246941', '', '', '', '', '', '', '', '', '2278', '648b56', 0, '2278', '', '', 0, '2010', '2012-12-26 06:49:42', 0),
('2056', 'C', 'Jbhi8gy', 'male', '', '', '', '', '', '321748', '', '', '', '', '', '', '', '', '2279', '416fcb', 0, '2279', '', '', 0, '2010', '2012-12-26 06:49:56', 0),
('2056', 'D', 'L67gybih N', 'male', 'M', '', '', '', '', '1357413', '', '', '', '', '', '', '', '', '2280', '02e8fb', 0, '2280', '', '', 0, '2010', '2012-12-26 06:50:08', 0),
('2056', 'E', 'Gh4rft', 'male', 'Gy', '', '', '', '', '215421', '', '', '', '', '', '', '', '', '2281', '38bbcc', 0, '2281', '', '', 0, '2010', '2012-12-26 06:50:27', 0),
('2057', 'A', 'Fvuyrtfgyvu', 'male', '', '', '', '', '', '146746', '', '', '', '', '', '', '', '', '2282', 'b00dd1', 0, '2282', '', '', 0, '2010', '2012-12-26 06:50:51', 0),
('2057', 'B', 'Jfyy7', 'male', 'U', '', '', '', '', '0', '', '', '', '', '', '', '', '', '2283', '2a43b2', 0, '2283', '', '', 0, '2010', '2012-12-26 06:51:14', 0),
('2057', 'C', 'Y7itgfvyjh', 'male', '', '', '', '', '', '56854', '', '', '', '', '', '', '', '', '2284', 'e7a60f', 0, '2284', '', '', 0, '2010', '2012-12-26 06:51:26', 0),
('2057', 'D', 'Fyurfu', 'male', 'J', '', '', '', '', '00000', '', '', '', '', '', '', '', '', '2285', 'e5932b', 0, '2285', '', '', 0, '2010', '2012-12-26 06:51:42', 0),
('2057', 'E', 'Fuy45rft', 'male', 'G', '', '', '', '', '1', '', '', '', '', '', '', '', '', '2286', 'b56dca', 0, '2286', '', '', 0, '2010', '2012-12-26 06:51:55', 0),
('2058', 'A', 'Fuy4erf', 'male', 'Y', '', '', '', '', '16574163', '', '', '', '', '', '', '', '', '2287', '67804b', 0, '2287', '', '', 0, '2010', '2012-12-26 06:52:38', 0),
('2058', 'B', 'Jhrfvtg', 'male', '', '', '', '', '', '3187415', '', '', '', '', '', '', '', '', '2288', 'e09458', 0, '2288', '', '', 0, '2010', '2012-12-26 06:53:50', 0),
('2058', 'C', 'Bjkrtfguybh', 'male', '', '', '', '', '', '13258654', '', '', '', '', '', '', '', '', '2289', '89c6b6', 0, '2289', '', '', 0, '2010', '2012-12-26 06:54:00', 0),
('2058', 'D', 'Mn J5rtf', 'male', 'Gv', '', '', '', '', '127754232', '', '', '', '', '', '', '', '', '2290', '34fef1', 0, '2290', '', '', 0, '2010', '2012-12-26 06:54:11', 0),
('2058', 'E', 'Bjkui', 'male', 'Gvj', '', '', '', '', '32174631', '', '', '', '', '', '', '', '', '2291', 'e6788a', 0, '2291', '', '', 0, '2010', '2012-12-26 06:54:22', 0),
('2059', 'A', 'Gh', 'male', 'Fgv', '', '', '', '', '217542', '', '', '', '', '', '', '', '', '2292', '866435', 0, '2292', '', '', 0, '2010', '2012-12-26 06:54:32', 0),
('2059', 'B', 'Vjhrfuy', 'male', '', '', '', '', '', '516743', '', '', '', '', '', '', '', '', '2293', '30871b', 0, '2293', '', '', 0, '2010', '2012-12-26 06:54:43', 0),
('2059', 'C', 'Hgvy7ugui', 'male', 'J', '', '', '', '', '13274653', '', '', '', '', '', '', '', '', '2294', 'dc035c', 0, '2294', '', '', 0, '2010', '2012-12-26 06:54:53', 0),
('2059', 'D', 'Bjhk5tgy', 'male', 'H', '', '', '', '', '32174135', '', '', '', '', '', '', '', '', '2295', 'ca42f5', 0, '2295', '', '', 0, '2010', '2012-12-26 06:55:08', 0),
('2059', 'E', 'M YHUJN', 'male', '2748512', '', '', '', '', '187654', '', '', '', '', '', '', '', '', '2296', '03d8ec', 0, '2296', '', '', 0, '2010', '2012-12-26 06:55:28', 0),
('2228', 'A', 'Kjfilsauf', 'male', '', '', '', '', '', '56486765', '', '', '', '', '', '', '', '', '2297', '066efc', 0, '2297', '', '', 0, '2010', '2012-12-26 07:26:40', 0),
('2228', 'B', 'Jbcjysd', 'male', '', '', '', '', '', '4435154498', '', '', '', '', '', '', '', '', '2298', 'eafc6c', 0, '2298', '', '', 0, '2010', '2012-12-26 07:27:10', 0),
('2228', 'C', 'Dgfdryg', 'male', '', '', '', '', '', '65168489', '', '', '', '', '', '', '', '', '2299', 'ce132c', 0, '2299', '', '', 0, '2010', '2012-12-26 07:27:56', 0),
('2228', 'D', 'Lfnkjshf', 'male', '', '', '', '', '', '65487761', '', '', '', '', '', '', '', '', '2300', '9af093', 0, '2300', '', '', 0, '2010', '2012-12-26 07:28:25', 0),
('2228', 'E', 'Fkjsifhsbf', 'male', '', '', '', '', '', '5877984165', '', '', '', '', '', '', '', '', '2301', 'eb6795', 0, '2301', '', '', 0, '2010', '2012-12-26 07:28:46', 0),
('2060', 'A', 'Mng D', 'male', '', '', '', '', '', '01347853', '', '', '', '', '', '', '', '', '2303', '90c57a', 0, '2303', '', '', 0, '2010', '2012-12-26 08:03:21', 0),
('2060', 'B', 'Qwertty', 'male', '', '', '', '', '', '041532', '', '', '', '', '', '', '', '', '2304', '44bd44', 0, '2304', '', '', 0, '2010', '2012-12-26 08:12:20', 0),
('2060', 'C', 'Qwertty', 'male', '', '', '', '', '', '013465', '', '', '', '', '', '', '', '', '2305', '18c4bb', 0, '2305', '', '', 0, '2010', '2012-12-26 08:14:57', 0),
('2060', 'D', 'Comm', 'male', '', '', '', '', '', '013465', '', '', '', '', '', '', '', '', '2306', '440576', 0, '2306', '', '', 0, '2010', '2012-12-26 08:15:48', 0),
('2060', 'E', 'K Tguyv', 'male', '', '', '', '', '', '013465', '', '', '', '', '', '', '', '', '2307', '8e1996', 0, '2307', '', '', 0, '2010', '2012-12-26 08:16:08', 0),
('2061', 'A', 'K Tguyv', 'male', '', '', '', '', '', '013465', '', '', '', '', '', '', '', '', '2308', 'c0261d', 0, '2308', '', '', 0, '2010', '2012-12-26 08:16:28', 0),
('2061', 'B', 'Vjjft', 'male', '', '', '', '', '', '0634165', '', '', '', '', '', '', '', '', '2309', 'e2e099', 0, '2309', '', '', 0, '2010', '2012-12-26 08:16:46', 0),
('2061', 'C', 'Bjklt Gb', 'male', '3074130', '', '', '', '', '1441', '', '', '', '', '', '', '', '', '2310', '69ab14', 0, '2310', '', '', 0, '2010', '2012-12-26 08:17:10', 0),
('2061', 'D', 'Khn96tg', 'male', 'Y', '', '', '', '', '2', '', '', '', '', '', '', '', '', '2311', '3a4cec', 0, '2311', '', '', 0, '2010', '2012-12-26 08:17:23', 0);
INSERT INTO `user_info` (`s_id`, `form_type`, `m_name`, `gender`, `nationality`, `address`, `district`, `state`, `pincode`, `mobile_no`, `email`, `n_name`, `n_relation`, `bank_name`, `acc_no`, `bank_branch`, `pan_no`, `ifsc_code`, `login_id`, `login_pass`, `pass_change_status`, `app_no`, `total_balance`, `paid_balance`, `pin_balance`, `created_by`, `entry_date`, `status`) VALUES
('2061', 'E', 'Jhv Tfguy', 'male', '', '', '', '', '', '1341653', '', '', '', '', '', '', '', '', '2312', '9db935', 0, '2312', '', '', 0, '2010', '2012-12-26 08:17:45', 0),
('2062', 'A', 'Vbjhrf6yu', 'male', 'H', '', '', '', '', '130274', '', '', '', '', '', '', '', '', '2314', '604e5a', 0, '2314', '', '', 0, '2010', '2012-12-26 08:18:30', 0),
('2062', 'B', 'Jk5tg8iy', 'male', '', '', '', '', '', '65174153', '', '', '', '', '', '', '', '', '2315', '85569b', 0, '2315', '', '', 0, '2010', '2012-12-26 08:18:48', 0),
('2062', 'C', 'Jcgyrtg7uij', 'male', '', '', '', '', '', '1354103', '', '', '', '', '', '', '', '', '2316', '40ccdb', 0, '2316', '', '', 0, '2010', '2012-12-26 08:19:00', 0),
('2062', 'D', 'Lknhiyhioh', 'male', '', '', '', '', '', '621', '', '', '', '', '', '', '', '', '2317', 'b6b548', 0, '2317', '', '', 0, '2010', '2012-12-26 08:19:23', 0),
('2162', 'A', 'Jhvg7uyg', 'male', '', '', '', '', '', '1664516', '', '', '', '', '', '', '', '', '2318', 'c1fe34', 0, '2318', '', '', 0, '2010', '2012-12-26 08:19:40', 0),
('2062', 'E', '1', 'male', '', '', '', '', '', '156743', '', '', '', '', '', '', '', '', '2319', 'bd9fc5', 0, '2319', '', '', 0, '2010', '2012-12-26 08:20:27', 0),
('2063', 'A', 'Ghtfguyh', 'male', '', '', '', '', '', '26541', '', '', '', '', '', '', '', '', '2320', 'ab6e0f', 0, '2320', '', '', 0, '2010', '2012-12-26 08:20:42', 0),
('2063', 'B', 'Mn Gb Qmn', 'male', '', '', '', '', '', '32164', '', '', '', '', '', '', '', '', '2321', 'd7f620', 0, '2321', '', '', 0, '2010', '2012-12-26 08:24:29', 0),
('2063', 'C', 'Vkfj', 'male', '', '', '', '', '', '0136465', '', '', '', '', '', '', '', '', '2322', '08b849', 0, '2322', '', '', 0, '2010', '2012-12-26 08:24:48', 0),
('2063', 'D', 'Jhvguyk', 'male', '', '', '', '', '', '2134165', '', '', '', '', '', '', '', '', '2323', '04d498', 0, '2323', '', '', 0, '2010', '2012-12-26 08:25:04', 0),
('2063', 'E', 'Ghtg7y', 'male', 'Hj', '', '', '', '', '0346513', '', '', '', '', '', '', '', '', '2324', '3e3969', 0, '2324', '', '', 0, '2010', '2012-12-26 08:25:23', 0),
('2064', 'A', 'Vjhuyjhb', 'male', '', '', '', '', '', '324653', '', '', '', '', '', '', '', '', '2325', '6cb1b3', 0, '2325', '', '', 0, '2010', '2012-12-26 08:25:42', 0),
('2064', 'B', 'Comm', 'male', '', '', '', '', '', '12775423', '', '', '', '', '', '', '', '', '2326', '72e602', 0, '2326', '', '', 0, '2010', '2012-12-26 08:25:59', 0),
('2064', 'C', 'Comm', 'male', '', '', '', '', '', '013465', '', '', '', '', '', '', '', '', '2327', '8239f6', 0, '2327', '', '', 0, '2010', '2012-12-26 08:26:16', 0),
('2064', 'D', 'M Tfgv', 'male', '', '', '', '', '', '11111113', '', '', '', '', '', '', '', '', '2328', 'ba81b1', 0, '2328', '', '', 0, '2010', '2012-12-26 08:26:35', 0),
('2064', 'E', 'M YHUJN', 'male', '', '\r\n\r\n\r\n\r\n\r\n\r\n\r\n\r\n\r\n', '', '', '', '187654', '', '', '', '', '', '', '', '', '2329', 'a838dc', 0, '2329', '', '', 0, '2010', '2012-12-26 08:27:06', 0),
('2065', 'A', 'BUIYFV', 'male', '', '', '', '', '', '01347853', '', '', '', '', '', '', '', '', '2330', 'fb826e', 0, '2330', '', '', 0, '2010', '2012-12-26 08:27:27', 0),
('2065', 'B', '11111', 'male', '', '', '', '', '', '013465', '', '', '', '', '', '', '', '', '2331', '0e882b', 0, '2331', '', '', 0, '2010', '2012-12-26 08:28:16', 0),
('2066', 'A', 'Qwertty', 'male', '', '', '', '', '', '01347853', '', '', '', '', '', '', '', '', '2332', '8954b7', 0, '2332', '', '', 0, '2010', '2012-12-26 08:28:40', 0),
('2066', 'B', 'Comm', 'male', '', '', '', '', '', '01347853', '', '', '', '', '', '', '', '', '2333', '60170d', 0, '2333', '', '', 0, '2010', '2012-12-26 08:28:54', 0),
('2066', 'C', 'K Tguyv', 'male', '', '', '', '', '', '01347853', '', '', '', '', '', '', '', '', '2334', '5163c6', 0, '2334', '', '', 0, '2010', '2012-12-26 08:29:09', 0),
('2066', 'D', 'Qwertty', 'male', '', '', '', '', '', '041532', '', '', '', '', '', '', '', '', '2335', '612900', 0, '2335', '', '', 0, '2010', '2012-12-26 08:29:26', 0),
('2067', 'A', 'Qwertty', 'male', '', '', '', '', '', '041532', '', '', '', '', '', '', '', '', '2336', '680eb2', 0, '2336', '', '', 0, '2010', '2012-12-26 08:29:42', 0),
('2067', 'B', 'K Tguyv', 'male', '', '', '', '', '', '01347853', '', '', '', '', '', '', '', '', '2337', '813075', 0, '2337', '', '', 0, '2010', '2012-12-26 08:30:00', 0),
('2067', 'C', 'M Tfgv', 'male', '', '', '', '', '', '041532', '', '', '', '', '', '', '', '', '2338', '9d6cb0', 0, '2338', '', '', 0, '2010', '2012-12-26 08:30:17', 0),
('2067', 'D', 'BUIYFV', 'male', '', '', '', '', '', '013465', '', '', '', '', '', '', '', '', '2339', '6e702f', 0, '2339', '', '', 0, '2010', '2012-12-26 08:30:30', 0),
('2067', 'E', 'BUIYFV', 'male', '', '', '', '', '', '01347853', '', '', '', '', '', '', '', '', '2340', '56918a', 0, '2340', '', '', 0, '2010', '2012-12-26 08:30:45', 0),
('2068', 'A', 'Comm', 'male', '', '', '', '', '', '01347853', '', '', '', '', '', '', '', '', '2341', '7cf950', 0, '2341', '', '', 0, '2010', '2012-12-26 08:31:03', 0),
('2068', 'B', 'K Tguyv', 'male', '', '', '', '', '', '041532', '', '', '', '', '', '', '', '', '2342', '778355', 0, '2342', '', '', 0, '2010', '2012-12-26 08:31:19', 0),
('2068', 'C', 'BUIYFV', 'male', '', '', '', '', '', '013465', '', '', '', '', '', '', '', '', '2343', '65326c', 0, '2343', '', '', 0, '2010', '2012-12-26 08:31:34', 0),
('2068', 'D', 'K Tguyv', 'male', '', '', '', '', '', '041532', '', '', '', '', '', '', '', '', '2344', '7da606', 0, '2344', '', '', 0, '2010', '2012-12-26 08:31:51', 0),
('2068', 'E', 'BUIYFV', 'male', '', '', '', '', '', '01347853', '', '', '', '', '', '', '', '', '2345', '774997', 0, '2345', '', '', 0, '2010', '2012-12-26 08:32:07', 0),
('2069', 'A', 'Qwertty', 'male', '', '', '', '', '', '01347853', '', '', '', '', '', '', '', '', '2346', '4a3d1a', 0, '2346', '', '', 0, '2010', '2012-12-26 08:32:20', 0),
('2069', 'B', 'BUIYFV', 'male', '', '', '', '', '', '013465', '', '', '', '', '', '', '', '', '2347', '49c83c', 0, '2347', '', '', 0, '2010', '2012-12-26 08:32:36', 0),
('2069', 'C', 'M YHUJN', 'male', '', '', '', '', '', '041532', '', '', '', '', '', '', '', '', '2348', '167a64', 0, '2348', '', '', 0, '2010', '2012-12-26 08:32:49', 0),
('2069', 'D', 'M YHUJN', 'male', '', '', '', '', '', '041532', '', '', '', '', '', '', '', '', '2349', 'e5206f', 0, '2349', '', '', 0, '2010', '2012-12-26 08:33:02', 0),
('2069', 'E', 'Comm', 'male', '', '', '', '', '', '013465', '', '', '', '', '', '', '', '', '2350', 'a81c3d', 0, '2350', '', '', 0, '2010', '2012-12-26 08:33:14', 0),
('2070', 'A', 'K Tguyv', 'male', '', '', '', '', '', '187654', '', '', '', '', '', '', '', '', '2351', 'bd5f88', 0, '2351', '', '', 0, '2010', '2012-12-26 08:33:31', 0),
('2070', 'B', 'BUIYFV', 'male', '', '', '', '', '', '013465', '', '', '', '', '', '', '', '', '2352', 'e49896', 0, '2352', '', '', 0, '2010', '2012-12-26 08:33:50', 0),
('2070', 'C', 'Comm', 'male', '', '', '', '', '', '01347853', '', '', '', '', '', '', '', '', '2353', '2daed6', 0, '2353', '', '', 0, '2010', '2012-12-26 08:34:10', 0),
('2070', 'D', 'Qwertty', 'male', '', '', '', '', '', '13743632', '', '', '', '', '', '', '', '', '2354', '47de11', 0, '2354', '', '', 0, '2010', '2012-12-26 08:34:28', 0),
('2070', 'E', 'K Tguyv', 'male', '', '', '', '', '', '041532', '', '', '', '', '', '', '', '', '2355', '6b2912', 0, '2355', '', '', 0, '2010', '2012-12-26 08:34:46', 0),
('2065', 'C', 'Kljtgyuh', 'male', '', '', '', '', '', '324132', '', '', '', '', '', '', '', '', '2357', '7a3b31', 0, '2357', '', '', 0, '2010', '2012-12-26 08:35:35', 0),
('2065', 'D', 'BUIYFV', 'male', '', '', '', '', '', '013465', '', '', '', '', '', '', '', '', '2358', 'd2bed2', 0, '2358', '', '', 0, '2010', '2012-12-26 08:35:57', 0),
('2065', 'E', 'Qwertty', 'male', '', '', '', '', '', '013465', '', '', '', '', '', '', '', '', '2359', 'f127fc', 0, '2359', '', '', 0, '2010', '2012-12-26 08:36:15', 0),
('2066', 'E', 'BUIYFV', 'male', '', '', '', '', '', '187654', '', '', '', '', '', '', '', '', '2360', 'c4cb3c', 0, '2360', '', '', 0, '2010', '2012-12-26 08:36:28', 0),
('2126', 'A', 'Klhv9gyubh', 'male', '', '', '', '', '', '3241532', '', '', '', '', '', '', '', '', '2361', '908f68', 0, '2361', '', '', 0, '2010', '2012-12-26 08:36:57', 0),
('2126', 'B', 'Tysfgwsyg', 'male', '32', '', '', '', '', '041532', '', '', '', '', '', '', '', '', '2362', 'cbfbb5', 0, '2362', '', '', 0, '2010', '2012-12-26 08:37:16', 0),
('2126', 'C', 'Comm', 'male', '', '', '', '', '', '013465', '', '', '', '', '', '', '', '', '2363', 'fa21ff', 0, '2363', '', '', 0, '2010', '2012-12-26 08:37:35', 0),
('2026', 'A', 'BUIYFV', 'male', '', '', '', '', '', '041532', '', '', '', '', '', '', '', '', '2364', '4691dd', 0, '2364', '', '', 0, '2010', '2012-12-26 08:37:56', 0),
('2026', 'B', 'Comm', 'male', '', '', '', '', '', '041532', '', '', '', '', '', '', '', '', '2365', 'b99c03', 0, '2365', '', '', 0, '2010', '2012-12-26 08:38:19', 0),
('2026', 'C', 'BUIYFV', 'male', '', '', '', '', '', '01347853', '', '', '', '', '', '', '', '', '2366', '4dc641', 0, '2366', '', '', 0, '2010', '2012-12-26 08:38:44', 0),
('2026', 'D', 'Comm', 'male', '', '', '', '', '', '01347853', '', '', '', '', '', '', '', '', '2367', '40da5a', 0, '2367', '', '', 0, '2010', '2012-12-26 08:39:00', 0),
('2026', 'E', 'Comm', 'male', '', '', '', '', '', '013465', '', '', '', '', '', '', '', '', '2368', '1ec236', 0, '2368', '', '', 0, '2010', '2012-12-26 08:39:13', 0),
('2027', 'A', 'Comm', 'male', '', '', '', '', '', '187654', '', '', '', '', '', '', '', '', '2369', 'f3bf74', 0, '2369', '', '', 0, '2010', '2012-12-26 08:39:27', 0),
('2027', 'B', 'Comm', 'male', '', '', '', '', '', '187654', '', '', '', '', '', '', '', '', '2370', 'c8a2fd', 0, '2370', '', '', 0, '2010', '2012-12-26 08:39:40', 0),
('2027', 'C', 'Qwertty', 'male', '', '', '', '', '', '041532', '', '', '', '', '', '', '', '', '2371', 'd7cfe5', 0, '2371', '', '', 0, '2010', '2012-12-26 08:39:57', 0),
('2027', 'D', 'BUIYFV', 'male', '', '', '', '', '', '01347853', '', '', '', '', '', '', '', '', '2372', '9eda9f', 0, '2372', '', '', 0, '2010', '2012-12-26 08:40:09', 0),
('2027', 'E', 'K Tguyv', 'male', '', '', '', '', '', '013465', '', '', '', '', '', '', '', '', '2373', '940d9e', 0, '2373', '', '', 0, '2010', '2012-12-26 08:40:25', 0),
('2028', 'A', 'BUIYFV', 'male', '', '', '', '', '', '01347853', '', '', '', '', '', '', '', '', '2374', '7d26af', 0, '2374', '', '', 0, '2010', '2012-12-26 08:40:39', 0),
('2028', 'B', 'Comm', 'male', '', '', '', '', '', '1111111111', '', '', '', '', '', '', '', '', '2375', 'eeb9df', 0, '2375', '', '', 0, '2010', '2012-12-26 08:41:02', 0),
('2028', 'C', 'Aaaaaaaaaaaa', 'male', '', '', '', '', '', '1111111111', '', '', '', '', '', '', '', '', '2376', '4a6dd4', 0, '2376', '', '', 0, '2010', '2012-12-26 08:41:24', 0),
('2028', 'D', 'Bbbbbbbbbbbbbbb', 'male', '', '', '', '', '', '2222222222', '', '', '', '', '', '', '', '', '2377', '7b4380', 0, '2377', '', '', 0, '2010', '2012-12-26 08:41:43', 0),
('2028', 'E', 'Cccccccccccccccccc', 'male', '', '', '', '', '', '3333333333', '', '', '', '', '', '', '', '', '2378', 'ac5f7f', 0, '2378', '', '', 0, '2010', '2012-12-26 08:42:02', 0),
('2029', 'A', 'Ddddddddd', 'male', '', '', '', '', '', '4444444444', '', '', '', '', '', '', '', '', '2379', 'f10776', 0, '2379', '', '', 0, '2010', '2012-12-26 08:42:23', 0),
('2029', 'B', 'Ddddddd', 'male', '', '', '', '', '', '4444444444', '', '', '', '', '', '', '', '', '2380', '35c4d3', 0, '2380', '', '', 0, '2010', '2012-12-26 08:42:59', 0),
('2029', 'C', 'Eeeeeeeeeeeee', 'male', '', '', '', '', '', '5555555555', '', '', '', '', '', '', '', '', '2381', '7e3705', 0, '2381', '', '', 0, '2010', '2012-12-26 08:43:19', 0),
('2029', 'D', 'Ffffffffffffffffffffffffff', 'male', '', '', '', '', '', '6666666666', '', '', '', '', '', '', '', '', '2382', 'c47cf9', 0, '2382', '', '', 0, '2010', '2012-12-26 08:43:40', 0),
('2029', 'E', 'Ggggggggggggg', 'male', '', '', '', '', '', '7777777777', '', '', '', '', '', '', '', '', '2383', '1c9caf', 0, '2383', '', '', 0, '2010', '2012-12-26 08:44:01', 0),
('2030', 'A', 'Hhhhhhhhhhhhhh', 'male', '', '', '', '', '', '8888888888', '', '', '', '', '', '', '', '', '2384', '7585de', 0, '2384', '', '', 0, '2010', '2012-12-26 08:44:23', 0),
('2030', 'B', 'Iiiiiiiiiiiiiiiiiiiiiiiii', 'male', '', '', '', '', '', '9999999999', '', '', '', '', '', '', '', '', '2385', 'c506d3', 0, '2385', '', '', 0, '2010', '2012-12-26 08:44:44', 0),
('2030', 'C', 'Jjjjjjjjjjjjjjjjjjjjj', 'male', '', '', '', '', '', '1000000000', '', '', '', '', '', '', '', '', '2386', '07dbb4', 0, '2386', '', '', 0, '2010', '2012-12-26 08:45:04', 0),
('2030', 'D', 'Kkkkkkkkk', 'male', '', '', '', '', '', '1111111111', '', '', '', '', '', '', '', '', '2387', '9cffea', 0, '2387', '', '', 0, '2010', '2012-12-26 08:45:29', 0),
('2030', 'E', 'Uuuuuuuu', 'male', '', '', '', '', '', '1211212', '', '', '', '', '', '', '', '', '2388', '9e57e8', 0, '2388', '', '', 0, '2010', '2012-12-26 08:45:45', 0),
('2031', 'A', 'Lllllllllllll', 'male', '', '', '', '', '', '3133131331', '', '', '', '', '', '', '', '', '2389', 'd6ccd5', 0, '2389', '', '', 0, '2010', '2012-12-26 08:46:05', 0),
('2031', 'B', 'Qwertty', 'male', '', '', '', '', '', '041532', '', '', '', '', '', '', '', '', '2390', 'd0aeea', 0, '2390', '', '', 0, '2010', '2012-12-26 08:46:21', 0),
('2031', 'C', 'K Tguyv', 'male', '', '', '', '', '', '187654', '', '', '', '', '', '', '', '', '2391', '960bfd', 0, '2391', '', '', 0, '2010', '2012-12-26 08:46:33', 0),
('2031', 'D', 'K Tguyv', 'male', '', '', '', '', '', '01347853', '', '', '', '', '', '', '', '', '2392', '607c13', 0, '2392', '', '', 0, '2010', '2012-12-26 08:46:46', 0),
('2031', 'E', 'BUIYFV', 'male', '', '', '', '', '', '12775423', '', '', '', '', '', '', '', '', '2393', '87a725', 0, '2393', '', '', 0, '2010', '2012-12-26 08:47:04', 0),
('2032', 'A', 'Asderh', 'male', '', '', '', '', '', '543740', '', '', '', '', '', '', '', '', '2394', '4678ef', 0, '2394', '', '', 0, '2010', '2012-12-26 08:47:32', 0),
('2032', 'B', 'K Tguyv', 'male', '', '', '', '', '', '013465', '', '', '', '', '', '', '', '', '2395', '4df6f6', 0, '2395', '', '', 0, '2010', '2012-12-26 08:47:48', 0),
('2100', 'A', 'Mmyghiuj', 'male', '', '', '', '', '', '5164653', '', '', '', '', '', '', '', '', '2396', '5498a1', 0, '2396', '', '', 0, '2010', '2012-12-26 08:48:05', 0),
('2100', 'B', 'BUIYFV', 'male', '', '', '', '', '', '01347853', '', '', '', '', '', '', '', '', '2397', '1f2213', 0, '2397', '', '', 0, '2010', '2012-12-26 08:48:33', 0),
('2100', 'C', 'BUIYFV', 'male', '', '', '', '', '', '041532', '', '', '', '', '', '', '', '', '2398', '03e05a', 0, '2398', '', '', 0, '2010', '2012-12-26 08:48:48', 0),
('2126', 'D', 'K Tguyv', 'male', '', '', '', '', '', '01347853', '', '', '', '', '', '', '', '', '2399', 'cdc5be', 0, '2399', '', '', 0, '2010', '2012-12-26 08:49:16', 0),
('2126', 'E', 'M YHUJN', 'male', '', '', '', '', '', '01347853', '', '', '', '', '', '', '', '', '2400', 'ee74dd', 0, '2400', '', '', 0, '2010', '2012-12-26 08:49:34', 0),
('2127', 'A', 'Comm', 'male', '', '', '', '', '', '041532', '', '', '', '', '', '', '', '', '2401', '5304fc', 0, '2401', '', '', 0, '2010', '2012-12-26 08:50:29', 0),
('2127', 'B', 'BUIYFV', 'male', '', '', '', '', '', '01347853', '', '', '', '', '', '', '', '', '2402', '4d2345', 0, '2402', '', '', 0, '2010', '2012-12-26 08:50:44', 0),
('2127', 'C', 'Qwertty', 'male', '', '', '', '', '', '187654', '', '', '', '', '', '', '', '', '2403', '833735', 0, '2403', '', '', 0, '2010', '2012-12-26 08:51:20', 0),
('2127', 'D', 'Comm', 'male', '', '', '', '', '', '013465', '', '', '', '', '', '', '', '', '2404', '5747d4', 0, '2404', '', '', 0, '2010', '2012-12-26 08:51:33', 0),
('2127', 'E', 'Jbyug', 'male', 'Jhm', '', '', '', '', '3214153', '', '', '', '', '', '', '', '', '2405', '101906', 0, '2405', '', '', 0, '2010', '2012-12-26 08:54:09', 0),
('2128', 'A', 'K Tguyv', 'male', '', '', '', '', '', '12775423', '', '', '', '', '', '', '', '', '2406', 'eb0744', 0, '2406', '', '', 0, '2010', '2012-12-26 08:54:22', 0),
('2128', 'B', 'Comm', 'male', '', '', '', '', '', '013465', '', '', '', '', '', '', '', '', '2407', 'c15469', 0, '2407', '', '', 0, '2010', '2012-12-26 08:54:36', 0),
('2128', 'C', 'Qwertty', 'male', '', '', '', '', '', '041532', '', '', '', '', '', '', '', '', '2408', 'c9bcc7', 0, '2408', '', '', 0, '2010', '2012-12-26 08:54:52', 0),
('2128', 'D', 'BUIYFV', 'male', '', '', '', '', '', '013465', '', '', '', '', '', '', '', '', '2409', 'a0d11e', 0, '2409', '', '', 0, '2010', '2012-12-26 08:55:06', 0),
('2128', 'E', 'Comm', 'male', '', '', '', '', '', '01347853', '', '', '', '', '', '', '', '', '2410', 'a7b2ef', 0, '2410', '', '', 0, '2010', '2012-12-26 08:55:22', 0),
('2129', 'A', 'BUIYFV', 'male', '', '', '', '', '', '013465', '', '', '', '', '', '', '', '', '2411', '9277fb', 0, '2411', '', '', 0, '2010', '2012-12-26 08:55:37', 0),
('2129', 'B', 'K Tguyv', 'male', '', '', '', '', '', '01347853', '', '', '', '', '', '', '', '', '2412', '807530', 0, '2412', '', '', 0, '2010', '2012-12-26 08:55:52', 0),
('2129', 'C', 'Guyt6g7uy', 'male', '', '', '', '', '', '013465', '', '', '', '', '', '', '', '', '2413', '882dcb', 0, '2413', '', '', 0, '2010', '2012-12-26 08:56:08', 0),
('2129', 'D', 'Qwertty', 'male', '', '', '', '', '', '12775423', '', '', '', '', '', '', '', '', '2414', '7b89ce', 0, '2414', '', '', 0, '2010', '2012-12-26 08:56:23', 0),
('2129', 'E', 'K Tguyv', 'male', '', '', '', '', '', '013465', '', '', '', '', '', '', '', '', '2415', '69b1fa', 0, '2415', '', '', 0, '2010', '2012-12-26 08:56:38', 0),
('2130', 'A', 'Mk8tgybh', 'male', '', '', '', '', '', '187654', '', '', '', '', '', '', '', '', '2416', '6d24f7', 0, '2416', '', '', 0, '2010', '2012-12-26 08:56:54', 0),
('2130', 'B', 'Comm', 'male', '', '', '', '', '', '041532', '', '', '', '', '', '', '', '', '2417', '499c0e', 0, '2417', '', '', 0, '2010', '2012-12-26 08:57:08', 0),
('2130', 'C', 'BUIYFV', 'male', '', '', '', '', '', '187654', '', '', '', '', '', '', '', '', '2418', '799ae8', 0, '2418', '', '', 0, '2010', '2012-12-26 08:57:27', 0),
('2130', 'D', 'K Tguyv', 'male', '', '', '', '', '', '01347853', '', '', '', '', '', '', '', '', '2419', '96ff81', 0, '2419', '', '', 0, '2010', '2012-12-26 08:58:49', 0),
('2130', 'E', 'Htguybh', 'male', '', '', '', '', '', '164', '', '', '', '', '', '', '', '', '2420', '011572', 0, '2420', '', '', 0, '2010', '2012-12-26 09:10:40', 0),
('2131', 'A', 'BUIYFV', 'male', '', '', '', '', '', '013465', '', '', '', '', '', '', '', '', '2421', '59664e', 0, '2421', '', '', 0, '2010', '2012-12-26 09:13:09', 0),
('2131', 'B', 'K Tguyv', 'male', '', '', '', '', '', '01347853', '', '', '', '', '', '', '', '', '2422', '9a955e', 0, '2422', '', '', 0, '2010', '2012-12-26 09:13:29', 0),
('2131', 'C', 'Qwertty', 'male', '', '', '', '', '', '041532', '', '', '', '', '', '', '', '', '2423', 'fb8321', 0, '2423', '', '', 0, '2010', '2012-12-26 09:15:43', 0),
('2131', 'D', 'Comm', 'male', '', '', '', '', '', '013465', '', '', '', '', '', '', '', '', '2424', '30b5de', 0, '2424', '', '', 0, '2010', '2012-12-26 09:17:39', 0),
('2131', 'E', 'Comm', 'male', '', '', '', '', '', '013465', '', '', '', '', '', '', '', '', '2425', '405be5', 0, '2425', '', '', 0, '2010', '2012-12-26 09:17:56', 0),
('2132', 'A', 'Qwertty', 'male', '', '', '', '', '', '041532', '', '', '', '', '', '', '', '', '2426', 'f22fd5', 0, '2426', '', '', 0, '2010', '2012-12-26 09:18:39', 0),
('2132', 'B', 'Comm', 'male', '', '', '', '', '', '041532', '', '', '', '', '', '', '', '', '2427', '020c80', 0, '2427', '', '', 0, '2010', '2012-12-26 09:18:56', 0),
('2132', 'C', 'Qwertty', 'male', '', '', '', '', '', '01347853', '', '', '', '', '', '', '', '', '2428', '58f3ef', 0, '2428', '', '', 0, '2010', '2012-12-26 10:58:29', 0),
('2132', 'D', 'K Tguyv', 'male', '', '', '', '', '', '041532', '', '', '', '', '', '', '', '', '2429', '3c11f0', 0, '2429', '', '', 0, '2010', '2012-12-26 10:58:43', 0),
('2132', 'E', 'BUIYFV', 'male', '', '', '', '', '', '187654', '', '', '', '', '', '', '', '', '2430', '4ea5d4', 0, '2430', '', '', 0, '2010', '2012-12-26 10:59:00', 0),
('2133', 'A', 'Comm', 'male', '', '', '', '', '', '12775423', '', '', '', '', '', '', '', '', '2431', 'e81fe9', 0, '2431', '', '', 0, '2010', '2012-12-26 11:01:34', 0),
('2133', 'B', '3217465', 'male', '', '', '', '', '', '13743632', '', '', '', '', '', '', '', '', '2432', 'dbbe56', 0, '2432', '', '', 0, '2010', '2012-12-26 11:01:49', 0),
('2133', 'C', 'Nbvt', 'male', '', '', '', '', '', '164', '', '', '', '', '', '', '', '', '2433', '4863f5', 0, '2433', '', '', 0, '2010', '2012-12-26 11:02:12', 0),
('2133', 'D', 'M Tfgv', 'male', '', '', '', '', '', '2153', '', '', '', '', '', '', '', '', '2434', '572380', 0, '2434', '', '', 0, '2010', '2012-12-26 11:02:29', 0),
('2133', 'E', 'Htguybh', 'male', '', '', '', '', '', '013465', '', '', '', '', '', '', '', '', '2435', '5bafb5', 0, '2435', '', '', 0, '2010', '2012-12-26 11:02:45', 0),
('2134', 'A', 'Moon', 'male', '', '', '', '', '', '0132746', '', '', '', '', '', '', '', '', '2436', '36c747', 0, '2436', '', '', 0, '2010', '2012-12-26 11:02:59', 0),
('2134', 'B', '. mibnmtg', 'male', '', '', '', '', '', '00000', '', '', '', '', '', '', '', '', '2437', '336865', 0, '2437', '', '', 0, '2010', '2012-12-26 11:03:15', 0),
('2134', 'C', 'M YHUJN', 'male', '', '', '', '', '', '025', '', '', '', '', '', '', '', '', '2438', '12b20d', 0, '2438', '', '', 0, '2010', '2012-12-26 11:03:29', 0),
('2134', 'D', 'Bhhrtfhg', 'male', '', '', '', '', '', '05223', '', '', '', '', '', '', '', '', '2439', '13eac5', 0, '2439', '', '', 0, '2010', '2012-12-26 11:03:45', 0),
('2134', 'E', 'Fvuyrtfgyvu', 'male', '', '', '', '', '', '032743', '', '', '', '', '', '', '', '', '2440', '0b849e', 0, '2440', '', '', 0, '2010', '2012-12-26 11:04:00', 0),
('2135', 'A', 'Bn Edcfg', 'male', '', '', '', '', '', '05265', '', '', '', '', '', '', '', '', '2441', 'ce518a', 0, '2441', '', '', 0, '2010', '2012-12-26 11:04:12', 0),
('2136', 'A', 'Comm', 'male', '', '', '', '', '', '01347853', '', '', '', '', '', '', '', '', '2442', 'd5f4fa', 0, '2442', '', '', 0, '2010', '2012-12-26 11:04:29', 0),
('2136', 'B', 'Comm', 'male', '', '', '', '', '', '01347853', '', '', '', '', '', '', '', '', '2443', '65aee9', 0, '2443', '', '', 0, '2010', '2012-12-26 11:05:10', 0),
('2136', 'C', 'Khn96tg', 'male', '', '', '', '', '', '01347853', '', '', '', '', '', '', '', '', '2444', '4c8dbe', 0, '2444', '', '', 0, '2010', '2012-12-26 11:05:24', 0),
('2136', 'D', 'Comm', 'male', '', '', '', '', '', '01347853', '', '', '', '', '', '', '', '', '2445', '2a29c2', 0, '2445', '', '', 0, '2010', '2012-12-26 11:05:38', 0),
('2136', 'E', 'Fuy45rft', 'male', '', '', '', '', '', '013465', '', '', '', '', '', '', '', '', '2446', 'd619d5', 0, '2446', '', '', 0, '2010', '2012-12-26 11:06:05', 0),
('2135', 'B', 'Fyurfu', 'male', '', '', '', '', '', '01347853', '', '', '', '', '', '', '', '', '2447', '885b78', 0, '2447', '', '', 0, '2010', '2012-12-26 11:07:04', 0),
('2135', 'C', 'Comm', 'male', '', '', '', '', '', '013465', '', '', '', '', '', '', '', '', '2448', 'cc5590', 0, '2448', '', '', 0, '2010', '2012-12-26 11:07:40', 0),
('2135', 'D', 'Comm', 'male', '', '', '', '', '', '013465', '', '', '', '', '', '', '', '', '2449', 'd5317a', 0, '2449', '', '', 0, '2010', '2012-12-26 11:07:57', 0),
('2135', 'E', 'Comm', 'male', '', '', '', '', '', '013465', '', '', '', '', '', '', '', '', '2450', 'c83791', 0, '2450', '', '', 0, '2010', '2012-12-26 11:08:12', 0),
('2138', 'A', '2138', 'male', '', '', '', '', '', '013465', '', '', '', '', '', '', '', '', '2451', '7dd435', 0, '2451', '', '', 0, '2010', '2012-12-26 11:08:55', 0),
('2138', 'B', 'Comm', 'male', '', '', '', '', '', '013465', '', '', '', '', '', '', '', '', '2452', '51cbc5', 0, '2452', '', '', 0, '2010', '2012-12-26 11:09:09', 0),
('2138', 'C', 'Jfyy7', 'male', '', '', '', '', '', '01347853', '', '', '', '', '', '', '', '', '2453', '72d4b5', 0, '2453', '', '', 0, '2010', '2012-12-26 11:09:27', 0),
('2138', 'D', 'Comm', 'male', '', '', '', '', '', '013465', '', '', '', '', '', '', '', '', '2454', '5212a2', 0, '2454', '', '', 0, '2010', '2012-12-26 11:09:41', 0),
('2138', 'E', 'M KTGY', 'male', '', '', '', '', '', '01347853', '', '', '', '', '', '', '', '', '2455', '2ada28', 0, '2455', '', '', 0, '2010', '2012-12-26 11:09:54', 0),
('2139', 'A', 'Comm', 'male', '', '', '', '', '', '013465', '', '', '', '', '', '', '', '', '2456', 'fe2780', 0, '2456', '', '', 0, '2010', '2012-12-26 11:10:07', 0),
('2139', 'B', 'Hgtyfgv', 'male', '', '', '', '', '', '013465', '', '', '', '', '', '', '', '', '2457', 'dbc388', 0, '2457', '', '', 0, '2010', '2012-12-26 11:10:21', 0),
('2139', 'C', 'Jhrfvtg', 'male', '', '', '', '', '', '013465', '', '', '', '', '', '', '', '', '2458', '1f1949', 0, '2458', '', '', 0, '2010', '2012-12-26 11:10:41', 0),
('2139', 'D', 'Mnhtfgv', 'male', '', '', '', '', '', '013465', '', '', '', '', '', '', '', '', '2459', '4767a8', 0, '2459', '', '', 0, '2010', '2012-12-26 11:11:00', 0),
('2139', 'E', 'N Myufvg', 'male', '', '', '', '', '', '01347853', '', '', '', '', '', '', '', '', '2460', '242509', 0, '2460', '', '', 0, '2010', '2012-12-26 11:11:14', 0),
('2140', 'A', 'MN FT', 'male', '', '', '', '', '', '01347853', '', '', '', '', '', '', '', '', '2461', '6f3edc', 0, '2461', '', '', 0, '2010', '2012-12-26 11:11:34', 0),
('2140', 'B', 'N Uifyv', 'male', '', '', '', '', '', '014635', '', '', '', '', '', '', '', '', '2462', '65c1bf', 0, '2462', '', '', 0, '2010', '2012-12-26 11:11:50', 0),
('2140', 'C', 'Mnbytfgv', 'male', '', '', '', '', '', '05421', '', '', '', '', '', '', '', '', '2463', '506c53', 0, '2463', '', '', 0, '2010', '2012-12-26 11:12:53', 0),
('2140', 'D', 'Njry', 'male', '', '', '', '', '', '01347853', '', '', '', '', '', '', '', '', '2464', '393f15', 0, '2464', '', '', 0, '2010', '2012-12-26 11:13:07', 0),
('2140', 'E', 'Mnuiv', 'male', '', '', '', '', '', '013465', '', '', '', '', '', '', '', '', '2465', 'ee75dd', 0, '2465', '', '', 0, '2010', '2012-12-26 11:13:34', 0),
('2141', 'A', 'Comm', 'male', '', '', '', '', '', '013465', '', '', '', '', '', '', '', '', '2466', '68d2dd', 0, '2466', '', '', 0, '2010', '2012-12-26 11:15:34', 0),
('2141', 'B', 'Nb Ucf', 'male', '', '', '', '', '', '01347853', '', '', '', '', '', '', '', '', '2467', '9d26fb', 0, '2467', '', '', 0, '2010', '2012-12-26 11:15:53', 0),
('2141', 'C', 'njk', 'male', '', '', '', '', '', '01347853', '', '', '', '', '', '', '', '', '2468', 'b775c3', 0, '2468', '', '', 0, '2010', '2012-12-26 11:16:27', 0),
('2141', 'D', 'Comm', 'male', '', '', '', '', '', '013465', '', '', '', '', '', '', '', '', '2469', '2b089a', 0, '2469', '', '', 0, '2010', '2012-12-26 11:16:50', 0),
('2141', 'E', 'Nkjgyvh', 'male', '', '', '', '', '', '127543', '', '', '', '', '', '', '', '', '2470', 'c7faed', 0, '2470', '', '', 0, '2010', '2012-12-26 11:17:16', 0),
('2142', 'A', 'Vb Ndg', 'male', '', '', '', '', '', '13', '', '', '', '', '', '', '', '', '2471', '0e2b5e', 0, '2471', '', '', 0, '2010', '2012-12-26 11:17:52', 0),
('2142', 'B', 'Y7itgfvyjh', 'male', '', '', '', '', '', '013465', '', '', '', '', '', '', '', '', '2472', 'dd3ed1', 0, '2472', '', '', 0, '2010', '2012-12-26 11:18:05', 0),
('2142', 'C', 'Vbjuyfvg', 'male', '', '', '', '', '', '13274631', '', '', '', '', '', '', '', '', '2473', 'c8f228', 0, '2473', '', '', 0, '2010', '2012-12-26 11:18:20', 0),
('2142', 'D', 'VHUYDR', 'male', '', '', '', '', '', '02374', '', '', '', '', '', '', '', '', '2474', '290707', 0, '2474', '', '', 0, '2010', '2012-12-26 11:18:42', 0),
('2142', 'E', 'Asderh', 'male', '', '', '', '', '', '01347853', '', '', '', '', '', '', '', '', '2475', '1769c7', 0, '2475', '', '', 0, '2010', '2012-12-26 11:18:57', 0),
('2143', 'A', 'VBHTG', 'male', '', '', '', '', '', '0153', '', '', '', '', '', '', '', '', '2476', '8138ed', 0, '2476', '', '', 0, '2010', '2012-12-26 11:19:20', 0),
('2143', 'B', 'Bjklt Gb', 'male', '', '', '', '', '', '032431', '', '', '', '', '', '', '', '', '2477', 'c37d4b', 0, '2477', '', '', 0, '2010', '2012-12-26 11:19:40', 0),
('2144', 'A', 'Comm', 'male', '', '', '', '', '', '0156875465', '', '', '', '', '', '', '', '', '2478', '5e4a84', 0, '2478', '', '', 0, '2010', '2012-12-26 11:20:05', 0),
('2144', 'B', 'Details', 'male', '', '', '', '', '', '0324613', '', '', '', '', '', '', '', '', '2479', '60c5d3', 0, '2479', '', '', 0, '2010', '2012-12-26 11:20:22', 0),
('2144', 'C', 'Dtuhiiu', 'male', '', '', '', '', '', '065876543', '', '', '', '', '', '', '', '', '2480', '7acbbc', 0, '2480', '', '', 0, '2010', '2012-12-26 11:20:39', 0),
('2144', 'D', 'Casio', 'male', '', '', '', '', '', '03485134', '', '', '', '', '', '', '', '', '2481', 'bcf4c1', 0, '2481', '', '', 0, '2010', '2012-12-26 11:20:59', 0),
('2144', 'E', 'Devdas', 'male', '', '', '', '', '', '0374313', '', '', '', '', '', '', '', '', '2482', '0f4078', 0, '2482', '', '', 0, '2010', '2012-12-26 11:21:21', 0),
('2145', 'A', 'Dtyggdrd', 'male', '', '', '', '', '', '1327465', '', '', '', '', '', '', '', '', '2483', '2cc326', 0, '2483', '', '', 0, '2010', '2012-12-26 11:21:38', 0),
('2145', 'B', 'Gdbh', 'male', '', '', '', '', '', '013241', '', '', '', '', '', '', '', '', '2484', '950bbc', 0, '2484', '', '', 0, '2010', '2012-12-26 11:22:01', 0),
('2145', 'C', 'Ahsan', 'male', '', '', '', '', '', '013465', '', '', '', '', '', '', '', '', '2485', 'ddeb4d', 0, '2485', '', '', 0, '2010', '2012-12-26 11:22:21', 0),
('2145', 'D', 'Add', 'male', '', '', '', '', '', '4014', '', '', '', '', '', '', '', '', '2486', '011184', 0, '2486', '', '', 0, '2010', '2012-12-26 11:22:40', 0),
('2145', 'E', 'Balance', 'male', '', '', '', '', '', '3', '', '', '', '', '', '', '', '', '2487', '54a166', 0, '2487', '', '', 0, '2010', '2012-12-26 11:23:01', 0),
('2146', 'A', 'BUIYFV', 'male', '', '', '', '', '', '1111111111', '', '', '', '', '', '', '', '', '2488', 'a8c99a', 0, '2488', '', '', 0, '2010', '2012-12-26 11:23:22', 0),
('2146', 'B', 'Nvitfv', 'male', '', '', '', '', '', '146746', '', '', '', '', '', '', '', '', '2490', '002e33', 0, '2490', '', '', 0, '2010', '2012-12-26 11:25:36', 0),
('2146', 'C', 'Guyt6g7uy', 'male', '', '', '', '', '', '2146', '', '', '', '', '', '', '', '', '2491', 'e75739', 0, '2491', '', '', 0, '2010', '2012-12-26 11:25:50', 0),
('2146', 'D', 'Lknhiyhioh', 'male', '', '', '', '', '', '1367', '', '', '', '', '', '', '', '', '2492', 'd043b0', 0, '2492', '', '', 0, '2010', '2012-12-26 11:26:05', 0),
('2146', 'E', 'Mita Rani Malik', 'male', '', '', '', '', '', '2153213', '', '', '', '', '', '', '', '', '2493', '660424', 0, '2493', '', '', 0, '2010', '2012-12-26 11:26:30', 0),
('2147', 'A', 'Andemntifondet', 'male', '', '', '', '', '', '01347853', '', '', '', '', '', '', '', '', '2495', 'bcf83e', 0, '2495', '', '', 0, '2010', '2012-12-26 11:27:55', 0),
('2143', 'C', 'Hjgcxyu', 'male', '', '', '', '', '', '6598489', '', '', '', '', '', '', '', '', '2496', '2eaa73', 0, '2496', '', '', 0, '2010', '2012-12-26 11:31:46', 0),
('2227', 'A', 'Qwertty', 'male', '', '', '', '', '', '21465434', '', '', '', '', '', '', '', '', '2497', '3d718a', 0, '2497', '', '', 0, '2010', '2012-12-26 11:31:47', 0),
('2227', 'B', 'Ghtfguyh', 'male', '', '', '', '', '', '01347853', '', '', '', '', '', '', '', '', '2498', '4a642e', 0, '2498', '', '', 0, '2010', '2012-12-26 11:32:04', 0),
('2143', 'D', 'Bjyagsdiu', 'male', '', '', '', '', '', '524879786', '', '', '', '', '', '', '', '', '2499', '946e97', 0, '2499', '', '', 0, '2010', '2012-12-26 11:32:09', 0),
('2227', 'C', 'Qwertty', 'male', '', '', '', '', '', '013465', '', '', '', '', '', '', '', '', '2500', '69d6ee', 0, '2500', '', '', 0, '2010', '2012-12-26 11:32:22', 0),
('2143', 'E', 'Kugd7i', 'male', '', '', '', '', '', '65498794', '', '', '', '', '', '', '', '', '2501', 'f853e8', 0, '2501', '', '', 0, '2010', '2012-12-26 11:32:31', 0),
('2227', 'D', 'Comm', 'male', '', '', '', '', '', '56854', '', '', '', '', '', '', '', '', '2502', '5eadcc', 0, '2502', '', '', 0, '2010', '2012-12-26 11:32:37', 0),
('2227', 'E', 'BUIYFV', 'male', '', '', '', '', '', '2223', '', '', '', '', '', '', '', '', '2503', '58da15', 0, '2503', '', '', 0, '2010', '2012-12-26 11:32:53', 0),
('2226', 'A', 'Bhurf6t', 'male', '', '', '', '', '', '26852', '', '', '', '', '', '', '', '', '2504', 'e8ca6b', 0, '2504', '', '', 0, '2010', '2012-12-26 11:33:18', 0),
('2226', 'B', 'K Tguyv', 'male', '', '', '', '', '', '3218741', '', '', '', '', '', '', '', '', '2505', 'a66b49', 0, '2505', '', '', 0, '2010', '2012-12-26 11:33:30', 0),
('2226', 'C', 'BJKU', 'male', '', '', '', '', '', '67463', '', '', '', '', '', '', '', '', '2506', '15fed0', 0, '2506', '', '', 0, '2010', '2012-12-26 11:33:53', 0),
('2147', 'B', 'Kjdg6usadtf', 'male', '', '', '', '', '', '48798', '', '', '', '', '', '', '', '', '2507', 'ab7c91', 0, '2507', '', '', 0, '2010', '2012-12-26 11:34:02', 0),
('2226', 'D', 'Qwertty', 'male', '', '', '', '', '', '543740', '', '', '', '', '', '', '', '', '2508', 'e884f7', 0, '2508', '', '', 0, '2010', '2012-12-26 11:34:06', 0),
('2226', 'E', 'BUIYFV', 'male', '', '', '', '', '', '013465', '', '', '', '', '', '', '', '', '2509', 'a2c6a3', 0, '2509', '', '', 0, '2010', '2012-12-26 11:34:18', 0),
('2147', 'C', 'Kidyf', 'male', '', '', '', '', '', '519879', '', '', '', '', '', '', '', '', '2510', 'cb973d', 0, '2510', '', '', 0, '2010', '2012-12-26 11:34:20', 0),
('2225', 'A', 'Comm', 'male', '', '', '', '', '', '01347853', '', '', '', '', '', '', '', '', '2511', '6cee28', 0, '2511', '', '', 0, '2010', '2012-12-26 11:34:30', 0),
('2225', 'B', 'BUIYFV', 'male', '', '', '', '', '', '01347853', '', '', '', '', '', '', '', '', '2512', '68a100', 0, '2512', '', '', 0, '2010', '2012-12-26 11:34:46', 0),
('2147 ', 'D', 'Siufgef', 'male', '', '', '', '', '', '4987', '', '', '', '', '', '', '', '', '2513', 'a08529', 0, '2513', '', '', 0, '2010', '2012-12-26 11:34:50', 0),
('2225', 'C', 'Qwertty', 'male', '', '', '', '', '', '011', '', '', '', '', '', '', '', '', '2514', '62581d', 0, '2514', '', '', 0, '2010', '2012-12-26 11:35:02', 0),
('2147 ', 'E', 'Kghdiug', 'male', '', '', '', '', '', '4979', '', '', '', '', '', '', '', '', '2515', 'b19b59', 0, '2515', '', '', 0, '2010', '2012-12-26 11:35:07', 0),
('2225', 'D', 'K Tguyv', 'male', '', '', '', '', '', '013465', '', '', '', '', '', '', '', '', '2516', '3aba13', 0, '2516', '', '', 0, '2010', '2012-12-26 11:35:15', 0),
('2225', 'E', 'Comm', 'male', '', '', '', '', '', '0', '', '', '', '', '', '', '', '', '2517', '3dcf54', 0, '2517', '', '', 0, '2010', '2012-12-26 11:35:31', 0),
('2224', 'A', 'BUIYFV', 'male', '', '', '', '', '', '041532', '', '', '', '', '', '', '', '', '2518', '2dd7e9', 0, '2518', '', '', 0, '2010', '2012-12-26 11:35:46', 0),
('2148', 'A', 'Jyfdue', 'male', '', '', '', '', '', '49879', '', '', '', '', '', '', '', '', '2519', '580660', 0, '2519', '', '', 0, '2010', '2012-12-26 11:35:49', 0),
('2224', 'B', 'BUIYFV', 'male', '', '', '', '', '', '041532', '', '', '', '', '', '', '', '', '2520', '45ada5', 0, '2520', '', '', 0, '2010', '2012-12-26 11:36:04', 0),
('2148 ', 'B', 'Dghirg', 'male', '', '', '', '', '', '4979', '', '', '', '', '', '', '', '', '2521', '1dcd38', 0, '2521', '', '', 0, '2010', '2012-12-26 11:36:17', 0),
('2224', 'C', 'K Tguyv', 'male', '', '', '', '', '', '0132463', '', '', '', '', '', '', '', '', '2522', 'f29b99', 0, '2522', '', '', 0, '2010', '2012-12-26 11:36:31', 0),
('2148 ', 'C', 'Ghdig', 'male', '', '', '', '', '', '4879841', '', '', '', '', '', '', '', '', '2523', 'ba3ac3', 0, '2523', '', '', 0, '2010', '2012-12-26 11:36:43', 0),
('2224', 'D', 'K Tguyv', 'male', '', '', '', '', '', '041532', '', '', '', '', '', '', '', '', '2524', 'c9481f', 0, '2524', '', '', 0, '2010', '2012-12-26 11:36:44', 0),
('2224', 'E', 'K Tguyv', 'male', '', '', '', '', '', '01347853', '', '', '', '', '', '', '', '', '2525', 'e03f3c', 0, '2525', '', '', 0, '2010', '2012-12-26 11:37:02', 0),
('2148 ', 'D', 'Gi7hgod', 'male', '', '', '', '', '', '57878641', '', '', '', '', '', '', '', '', '2526', '38185d', 0, '2526', '', '', 0, '2010', '2012-12-26 11:37:07', 0),
('2148 ', 'E', 'Hoiht', 'male', '', '', '', '', '', '57794651', '', '', '', '', '', '', '', '', '2527', '9b26e2', 0, '2527', '', '', 0, '2010', '2012-12-26 11:37:29', 0),
('2223', 'A', 'K Tguyv', 'male', '', '', '', '', '', '013465', '', '', '', '', '', '', '', '', '2529', '93c8fb', 0, '2529', '', '', 0, '2010', '2012-12-26 11:38:01', 0),
('2149', 'A', 'Fbsdfhis', 'male', '', '', '', '', '', '87986', '', '', '', '', '', '', '', '', '2530', '563826', 0, '2530', '', '', 0, '2010', '2012-12-26 11:38:13', 0),
('2223', 'B', 'BUIYFV', 'male', '', '', '', '', '', '013465', '', '', '', '', '', '', '', '', '2531', '732241', 0, '2531', '', '', 0, '2010', '2012-12-26 11:38:15', 0),
('2223', 'C', 'Comm', 'male', '', '', '', '', '', '013465', '', '', '', '', '', '', '', '', '2532', '8cfd34', 0, '2532', '', '', 0, '2010', '2012-12-26 11:38:32', 0),
('2149', 'B', 'Hjhdogd', 'male', '', '', '', '', '', '3797456', '', '', '', '', '', '', '', '', '2533', '3b987e', 0, '2533', '', '', 0, '2010', '2012-12-26 11:38:43', 0),
('2223', 'D', 'BUIYFV', 'male', '', '', '', '', '', '041532', '', '', '', '', '', '', '', '', '2534', '9bd816', 0, '2534', '', '', 0, '2010', '2012-12-26 11:38:49', 0),
('2149', 'C', 'Hgyd98gu', 'male', '', '', '', '', '', '79768465', '', '', '', '', '', '', '', '', '2535', '3ce0dd', 0, '2535', '', '', 0, '2010', '2012-12-26 11:38:59', 0),
('2223', 'E', 'K Tguyv', 'male', '', '', '', '', '', '013465', '', '', '', '', '', '', '', '', '2536', '9e7057', 0, '2536', '', '', 0, '2010', '2012-12-26 11:39:05', 0),
('2149', 'D', 'Jgrig', 'male', '', '', '', '', '', '5884854', '', '', '', '', '', '', '', '', '2537', '4b330c', 0, '2537', '', '', 0, '2010', '2012-12-26 11:39:16', 0),
('2222', 'A', 'Comm', 'male', '', '', '', '', '', '041532', '', '', '', '', '', '', '', '', '2538', '6dd9b8', 0, '2538', '', '', 0, '2010', '2012-12-26 11:39:18', 0),
('2222', 'B', 'K Tguyv', 'male', '', '', '', '', '', '01347853', '', '', '', '', '', '', '', '', '2539', '3e0275', 0, '2539', '', '', 0, '2010', '2012-12-26 11:39:31', 0),
('2222', 'C', 'BUIYFV', 'male', '', '', '', '', '', '01347853', '', '', '', '', '', '', '', '', '2540', '39c109', 0, '2540', '', '', 0, '2010', '2012-12-26 11:39:47', 0),
('2222', 'D', 'Cow', 'male', '', '', '', '', '', '013465', '', '', '', '', '', '', '', '', '2541', '3807f9', 0, '2541', '', '', 0, '2010', '2012-12-26 11:40:03', 0),
('2222', 'E', 'Commerce', 'male', '', '', '', '', '', '013274130', '', '', '', '', '', '', '', '', '2542', '3a7d15', 0, '2542', '', '', 0, '2010', '2012-12-26 11:40:19', 0),
('2221', 'A', 'Dream', 'male', '', '', '', '', '', '041532', '', '', '', '', '', '', '', '', '2543', '589feb', 0, '2543', '', '', 0, '2010', '2012-12-26 11:40:37', 0),
('2221', 'B', 'BN B TY', 'male', '', '', '', '', '', '041532', '', '', '', '', '', '', '', '', '2544', 'fb5a8c', 0, '2544', '', '', 0, '2010', '2012-12-26 11:41:03', 0),
('2221', 'C', 'Mby', 'male', '', '', '', '', '', '01347853', '', '', '', '', '', '', '', '', '2545', '179cf6', 0, '2545', '', '', 0, '2010', '2012-12-26 11:41:21', 0),
('2221', 'D', 'Qwertty', 'male', '', '', '', '', '', '01347853', '', '', '', '', '', '', '', '', '2546', '0f1b72', 0, '2546', '', '', 0, '2010', '2012-12-26 11:41:36', 0),
('2221', 'E', 'Afrin', 'male', '', '', '', '', '', '01347853', '', '', '', '', '', '', '', '', '2547', '2007e4', 0, '2547', '', '', 0, '2010', '2012-12-26 11:41:54', 0),
('2220', 'A', 'Sona', 'male', '', '', '', '', '', '111', '', '', '', '', '', '', '', '', '2548', '99bcdc', 0, '2548', '', '', 0, '2010', '2012-12-26 11:42:17', 0),
('2220', 'B', 'Sona', 'male', '', '', '', '', '', '198', '', '', '', '', '', '', '', '', '2549', '34947d', 0, '2549', '', '', 0, '2010', '2012-12-26 11:42:59', 0),
('2220', 'C', 'Privacy', 'male', '', '', '', '', '', '01328543', '', '', '', '', '', '', '', '', '2550', '84a208', 0, '2550', '', '', 0, '2010', '2012-12-26 11:43:20', 0),
('2149', 'E', 'Fh8yf', 'male', '', '', '', '', '', '9458551', '', '', '', '', '', '', '', '', '2551', '20679b', 0, '2551', '', '', 0, '2010', '2012-12-26 11:43:46', 0),
('2220', 'D', 'Gooday', 'male', '', '', '', '', '', '9777177764', '', '', '', '', '', '', '', '', '2552', '277fcd', 0, '2552', '', '', 0, '2010', '2012-12-26 11:43:46', 0),
('2220', 'E', 'Close', 'male', '', '', '', '', '', '01347853', '', '', '', '', '', '', '', '', '2553', '174dc8', 0, '2553', '', '', 0, '2010', '2012-12-26 11:44:01', 0),
('2219', 'A', 'Lemon', 'male', '', '', '', '', '', '1285', '', '', '', '', '', '', '', '', '2554', '76f937', 0, '2554', '', '', 0, '2010', '2012-12-26 11:44:23', 0),
('2150', 'A', 'Jgtdgig', 'male', '', '', '', '', '', '92455', '', '', '', '', '', '', '', '', '2555', 'f52896', 0, '2555', '', '', 0, '2010', '2012-12-26 11:44:31', 0),
('2219', 'B', 'MBN R', 'male', '', '', '', '', '', '01533', '', '', '', '', '', '', '', '', '2556', '11383b', 0, '2556', '', '', 0, '2010', '2012-12-26 11:44:49', 0),
('2150', 'B', 'Fyseifh', 'male', '', '', '', '', '', '65168489', '', '', '', '', '', '', '', '', '2557', 'e2e3ab', 0, '2557', '', '', 0, '2010', '2012-12-26 11:45:02', 0),
('2219', 'C', 'K Tguyv', 'male', '', '', '', '', '', '041532', '', '', '', '', '', '', '', '', '2558', '1376f5', 0, '2558', '', '', 0, '2010', '2012-12-26 11:45:21', 0),
('2150', 'C', 'Gjgffghuh', 'male', '', '', '', '', '', '82455', '', '', '', '', '', '', '', '', '2559', 'c1898e', 0, '2559', '', '', 0, '2010', '2012-12-26 11:45:32', 0),
('2219', 'D', 'End', 'male', '', '', '', '', '', '01346', '', '', '', '', '', '', '', '', '2560', '13d112', 0, '2560', '', '', 0, '2010', '2012-12-26 11:45:37', 0),
('2219', 'E', 'Bjk56udrcf', 'male', '', '', '', '', '', '041532', '', '', '', '', '', '', '', '', '2561', 'f8007b', 0, '2561', '', '', 0, '2010', '2012-12-26 11:45:51', 0),
('2150', 'D', 'Go8eytoe', 'male', '', '', '', '', '', '9438441111', '', '', '', '', '', '', '', '', '2562', '56d8b9', 0, '2562', '', '', 0, '2010', '2012-12-26 11:45:57', 0),
('2218', 'A', 'K Tguyv', 'male', '', '', '', '', '', '01347853', '', '', '', '', '', '', '', '', '2563', 'ceacfe', 0, '2563', '', '', 0, '2010', '2012-12-26 11:46:04', 0),
('2218', 'B', 'Comm', 'male', '', '', '', '', '', '0138746', '', '', '', '', '', '', '', '', '2564', '92c445', 0, '2564', '', '', 0, '2010', '2012-12-26 11:46:17', 0),
('2150', 'E', 'Uifyeif', 'male', '', '', '', '', '', '9245', '', '', '', '', '', '', '', '', '2565', 'd8213c', 0, '2565', '', '', 0, '2010', '2012-12-26 11:46:21', 0),
('2218', 'C', 'K Tguyv', 'male', '', '', '', '', '', '013465', '', '', '', '', '', '', '', '', '2566', '746b53', 0, '2566', '', '', 0, '2010', '2012-12-26 11:46:31', 0),
('2218', 'D', 'Bju5t', 'male', '', '', '', '', '', '01347853', '', '', '', '', '', '', '', '', '2567', '6b16ea', 0, '2567', '', '', 0, '2010', '2012-12-26 11:46:46', 0),
('2218', 'E', '12345', 'male', '', '', '', '', '', '041532', '', '', '', '', '', '', '', '', '2568', '5101ed', 0, '2568', '', '', 0, '2010', '2012-12-26 11:47:01', 0),
('2217', 'A', 'K Tguyv', 'male', '', '', '', '', '', '041532', '', '', '', '', '', '', '', '', '2569', '2b57de', 0, '2569', '', '', 0, '2010', '2012-12-26 11:47:14', 0),
('2151', 'A', 'Fguriyf', 'male', '', '', '', '', '', '87986', '', '', '', '', '', '', '', '', '2570', '3d37c8', 0, '2570', '', '', 0, '2010', '2012-12-26 11:47:15', 0),
('2217', 'B', 'Qwertty', 'male', '', '', '', '', '', '016873', '', '', '', '', '', '', '', '', '2571', '3b57ab', 0, '2571', '', '', 0, '2010', '2012-12-26 11:47:31', 0),
('2217', 'C', 'K Tguyv', 'male', '', '', '', '', '', '01347853', '', '', '', '', '', '', '', '', '2572', 'a3521d', 0, '2572', '', '', 0, '2010', '2012-12-26 11:47:54', 0),
('2217', 'D', ', ,bjgv', 'male', '', '', '', '', '', '017543', '', '', '', '', '', '', '', '', '2573', 'c42c31', 0, '2573', '', '', 0, '2010', '2012-12-26 11:48:12', 0),
('2151', 'B', 'Dts78d', 'male', '', '', '', '', '', '87888', '', '', '', '', '', '', '', '', '2574', '3d0286', 0, '2574', '', '', 0, '2010', '2012-12-26 11:48:35', 0),
('2217', 'E', 'Comm', 'male', '', '', '', '', '', '01347853', '', '', '', '', '', '', '', '', '2575', '3ca8f8', 0, '2575', '', '', 0, '2010', '2012-12-26 11:48:51', 0),
('2151', 'C', 'Rheyrbfu', 'male', '', '', '', '', '', '8575452', '', '', '', '', '', '', '', '', '2576', '5925b6', 0, '2576', '', '', 0, '2010', '2012-12-26 11:48:53', 0),
('2216', 'A', 'BUIYFV', 'male', '', '', '', '', '', '03', '', '', '', '', '', '', '', '', '2577', '0465be', 0, '2577', '', '', 0, '2010', '2012-12-26 11:49:04', 0),
('2151', 'D', 'Rituothtuihuibn', 'male', '', '', '', '', '', '8789765465', '', '', '', '', '', '', '', '', '2578', '75067d', 0, '2578', '', '', 0, '2010', '2012-12-26 11:49:11', 0),
('2216', 'B', 'K Tguyv', 'male', '', '', '', '', '', '02346164', '', '', '', '', '', '', '', '', '2579', '90a8ca', 0, '2579', '', '', 0, '2010', '2012-12-26 11:49:29', 0),
('2151', 'E', 'Tfreiuyfui', 'male', '', '', '', '', '', '574984', '', '', '', '', '', '', '', '', '2580', 'ad36c2', 0, '2580', '', '', 0, '2010', '2012-12-26 11:49:30', 0),
('2216', 'C', 'Qwertty', 'male', '', '', '', '', '', '013465', '', '', '', '', '', '', '', '', '2581', 'a46584', 0, '2581', '', '', 0, '2010', '2012-12-26 11:49:46', 0),
('2216', 'D', 'Comm', 'male', '', '', '', '', '', '013465', '', '', '', '', '', '', '', '', '2582', '8cbf34', 0, '2582', '', '', 0, '2010', '2012-12-26 11:50:00', 0),
('2216', 'E', 'K Tguyv', 'male', '', '', '', '', '', '013465', '', '', '', '', '', '', '', '', '2583', '6d4152', 0, '2583', '', '', 0, '2010', '2012-12-26 11:50:14', 0),
('2215', 'A', 'Qwertty', 'male', '', '', '', '', '', '041532', '', '', '', '', '', '', '', '', '2584', '418ae3', 0, '2584', '', '', 0, '2010', '2012-12-26 11:50:28', 0),
('2152', 'A', 'Dkfjyeuif', 'male', '', '', '', '', '', '7987984', '', '', '', '', '', '', '', '', '2585', '9d673c', 0, '2585', '', '', 0, '2010', '2012-12-26 11:50:33', 0),
('2215', 'B', 'Comm', 'male', '', '', '', '', '', '01347853', '', '', '', '', '', '', '', '', '2586', '79d681', 0, '2586', '', '', 0, '2010', '2012-12-26 11:50:47', 0),
('2152', 'B', 'Ryutuyfg', 'male', '', '', '', '', '', '8548965', '', '', '', '', '', '', '', '', '2587', 'ebac18', 0, '2587', '', '', 0, '2010', '2012-12-26 11:51:10', 0),
('2215', 'C', 'B Nthrd', 'male', '', '', '', '', '', '041532', '', '', '', '', '', '', '', '', '2588', '5a60b7', 0, '2588', '', '', 0, '2010', '2012-12-26 11:51:17', 0),
('2215', 'D', 'Qwertty', 'male', '', '', '', '', '', '01347853', '', '', '', '', '', '', '', '', '2589', '816ae5', 0, '2589', '', '', 0, '2010', '2012-12-26 11:51:36', 0),
('2152', 'C', 'Iryerkjgh', 'male', '', '', '', '', '', '4877894654', '', '', '', '', '', '', '', '', '2590', '85c458', 0, '2590', '', '', 0, '2010', '2012-12-26 11:51:52', 0),
('2215', 'E', 'K Tguyv', 'male', '', '', '', '', '', '041532', '', '', '', '', '', '', '', '', '2591', 'a85f48', 0, '2591', '', '', 0, '2010', '2012-12-26 11:51:54', 0),
('2214', 'A', 'Qwertty', 'male', '', '', '', '', '', '013465', '', '', '', '', '', '', '', '', '2592', '03e45c', 0, '2592', '', '', 0, '2010', '2012-12-26 11:52:16', 0),
('2152', 'D', 'Jytwuh', 'male', '', '', '', '', '', '8786465', '', '', '', '', '', '', '', '', '2593', 'a268b1', 0, '2593', '', '', 0, '2010', '2012-12-26 11:52:26', 0),
('2214', 'B', 'BUIYFV', 'male', '', '', '', '', '', '01347853', '', '', '', '', '', '', '', '', '2594', 'de4dcc', 0, '2594', '', '', 0, '2010', '2012-12-26 11:52:29', 0),
('2214', 'C', 'Favicol', 'male', '', '', '', '', '', '01347853', '', '', '', '', '', '', '', '', '2595', 'e0e46e', 0, '2595', '', '', 0, '2010', '2012-12-26 11:52:46', 0),
('2152', 'E', 'Jtu7tiutyd', 'male', '', '', '', '', '', '78545554', '', '', '', '', '', '', '', '', '2596', '6eab7b', 0, '2596', '', '', 0, '2010', '2012-12-26 11:52:54', 0),
('2214', 'D', 'Loading', 'male', '', '', '', '', '', '041532', '', '', '', '', '', '', '', '', '2597', '122391', 0, '2597', '', '', 0, '2010', '2012-12-26 11:53:05', 0),
('2214', 'E', 'Cgharf', 'male', '', '', '', '', '', '013465', '', '', '', '', '', '', '', '', '2598', '0a904f', 0, '2598', '', '', 0, '2010', '2012-12-26 11:53:20', 0),
('2213', 'A', 'Dash', 'male', '', '', '', '', '', '013465', '', '', '', '', '', '', '', '', '2599', '9bc4d4', 0, '2599', '', '', 0, '2010', '2012-12-26 11:53:45', 0),
('2213', 'B', 'Bjkui', 'male', '', '', '', '', '', '027413', '', '', '', '', '', '', '', '', '2600', 'ee8d82', 0, '2600', '', '', 0, '2010', '2012-12-26 11:54:06', 0),
('2213', 'C', 'Genius', 'male', '', '', '', '', '', '041532', '', '', '', '', '', '', '', '', '2601', 'f2cddd', 0, '2601', '', '', 0, '2010', '2012-12-26 11:54:23', 0),
('2213', 'D', 'Keyboard', 'male', '', '', '', '', '', '013465', '', '', '', '', '', '', '', '', '2602', '64de0c', 0, '2602', '', '', 0, '2010', '2012-12-26 11:54:46', 0),
('2213', 'E', 'Comm', 'male', '', '', '', '', '', '32174631', '', '', '', '', '', '', '', '', '2603', 'fda7be', 0, '2603', '', '', 0, '2010', '2012-12-26 11:55:11', 0),
('2212', 'A', 'Buying', 'female', '', '', '', '', '', '143', '', '', '', '', '', '', '', '', '2604', '4c65b1', 0, '2604', '', '', 0, '2010', '2012-12-26 11:55:48', 0),
('2212', 'B', 'Kalisa', 'male', '', '', '', '', '', '052', '', '', '', '', '', '', '', '', '2605', '6d7a55', 0, '2605', '', '', 0, '2010', '2012-12-26 11:56:06', 0),
('2212', 'C', 'Haru', 'male', '', '', '', '', '', '041532', '', '', '', '', '', '', '', '', '2606', 'b619c5', 0, '2606', '', '', 0, '2010', '2012-12-26 11:56:27', 0),
('2212', 'D', 'Add', 'male', '', '', '', '', '', '041532', '', '', '', '', '', '', '', '', '2607', 'b8ae21', 0, '2607', '', '', 0, '2010', '2012-12-26 11:56:43', 0),
('2212', 'E', 'K Tguyv', 'male', '', '', '', '', '', '03274863', '', '', '', '', '', '', '', '', '2608', '9603d9', 0, '2608', '', '', 0, '2010', '2012-12-26 11:56:57', 0),
('2211', 'A', 'Comm', 'male', '', '', '', '', '', '013465', '', '', '', '', '', '', '', '', '2609', '6d258a', 0, '2609', '', '', 0, '2010', '2012-12-26 11:57:10', 0),
('2211', 'B', 'K Tguyv', 'male', '', '', '', '', '', '01347853', '', '', '', '', '', '', '', '', '2610', '434ba1', 0, '2610', '', '', 0, '2010', '2012-12-26 11:57:24', 0);
INSERT INTO `user_info` (`s_id`, `form_type`, `m_name`, `gender`, `nationality`, `address`, `district`, `state`, `pincode`, `mobile_no`, `email`, `n_name`, `n_relation`, `bank_name`, `acc_no`, `bank_branch`, `pan_no`, `ifsc_code`, `login_id`, `login_pass`, `pass_change_status`, `app_no`, `total_balance`, `paid_balance`, `pin_balance`, `created_by`, `entry_date`, `status`) VALUES
('2211', 'C', 'K Tguyv', 'male', '', '', '', '', '', '034631', '', '', '', '', '', '', '', '', '2611', '5078de', 0, '2611', '', '', 0, '2010', '2012-12-26 11:57:41', 0),
('2211', 'D', 'Qwertty', 'male', '', '', '', '', '', '0358', '', '', '', '', '', '', '', '', '2612', '1aea96', 0, '2612', '', '', 0, '2010', '2012-12-26 11:57:53', 0),
('2211', 'E', 'Bvdc', 'male', '', '', '', '', '', '01347853', '', '', '', '', '', '', '', '', '2613', 'f32f97', 0, '2613', '', '', 0, '2010', '2012-12-26 11:58:07', 0),
('2210', 'A', 'K Tguyv', 'male', '', '', '', '', '', '013465', '', '', '', '', '', '', '', '', '2615', 'fa38b9', 0, '2615', '', '', 0, '2010', '2012-12-26 11:58:39', 0),
('2210', 'B', 'Dhsg', 'male', '', '', '', '', '', '041532', '', '', '', '', '', '', '', '', '2616', '128f5d', 0, '2616', '', '', 0, '2010', '2012-12-26 11:58:57', 0),
('2210', 'C', 'K Tguyv', 'male', '', '', '', '', '', '013465', '', '', '', '', '', '', '', '', '2617', 'e4d708', 0, '2617', '', '', 0, '2010', '2012-12-26 11:59:10', 0),
('2210', 'D', 'Comm', 'male', '', '', '', '', '', '032', '', '', '', '', '', '', '', '', '2618', 'd2999f', 0, '2618', '', '', 0, '2010', '2012-12-26 11:59:25', 0),
('2210', 'E', 'BUIYFV', 'male', '', '', '', '', '', '013465', '', '', '', '', '', '', '', '', '2619', '095ea8', 0, '2619', '', '', 0, '2010', '2012-12-26 11:59:44', 0),
('2209', 'A', 'K Tguyv', 'male', '', '', '', '', '', '01347853', '', '', '', '', '', '', '', '', '2620', '73a6e3', 0, '2620', '', '', 0, '2010', '2012-12-26 12:00:07', 0),
('2209', 'B', 'Comm', 'male', '', '', '', '', '', '03465', '', '', '', '', '', '', '', '', '2621', '792158', 0, '2621', '', '', 0, '2010', '2012-12-26 12:00:23', 0),
('2209', 'C', 'K Tguyv', 'male', '', '', '', '', '', '013465', '', '', '', '', '', '', '', '', '2622', '6a9cf6', 0, '2622', '', '', 0, '2010', '2012-12-26 12:00:38', 0),
('2209', 'D', 'Ghety', 'male', '', '', '', '', '', '03743', '', '', '', '', '', '', '', '', '2623', '80f00f', 0, '2623', '', '', 0, '2010', '2012-12-26 12:00:56', 0),
('2209', 'E', 'K Tguyv', 'male', '', '', '', '', '', '013465', '', '', '', '', '', '', '', '', '2624', '450cdd', 0, '2624', '', '', 0, '2010', '2012-12-26 12:01:08', 0),
('2208', 'A', 'Comm', 'male', '', '', '', '', '', '01347853', '', '', '', '', '', '', '', '', '2625', '01fa10', 0, '2625', '', '', 0, '2010', '2012-12-26 12:01:20', 0),
('2208', 'B', 'K Tguyv', 'male', '', '', '', '', '', '0374613', '', '', '', '', '', '', '', '', '2626', '0a0c82', 0, '2626', '', '', 0, '2010', '2012-12-26 12:01:36', 0),
('2208', 'C', 'BUIYFV', 'male', '', '', '', '', '', '01347853', '', '', '', '', '', '', '', '', '2627', '04d11b', 0, '2627', '', '', 0, '2010', '2012-12-26 12:01:52', 0),
('2208', 'D', 'K Tguyv', 'male', '', '', '', '', '', '041532', '', '', '', '', '', '', '', '', '2628', '12a64b', 0, '2628', '', '', 0, '2010', '2012-12-26 12:02:09', 0),
('2208', 'E', 'Gh', 'male', '', '', '', '', '', '041532', '', '', '', '', '', '', '', '', '2629', '0cfb47', 0, '2629', '', '', 0, '2010', '2012-12-26 12:02:24', 0),
('2207', 'A', 'K Tguyv', 'male', '', '', '', '', '', '04', '', '', '', '', '', '', '', '', '2630', 'f0b7c6', 0, '2630', '', '', 0, '2010', '2012-12-26 12:02:39', 0),
('2207', 'B', 'BUIYFV', 'male', '', '', '', '', '', '013465', '', '', '', '', '', '', '', '', '2631', 'ec4d06', 0, '2631', '', '', 0, '2010', '2012-12-26 12:02:54', 0),
('2207', 'C', 'BUIYFV', 'male', '', '', '', '', '', '041532', '', '', '', '', '', '', '', '', '2632', 'c58bfa', 0, '2632', '', '', 0, '2010', '2012-12-26 12:03:08', 0),
('2207', 'D', 'Comm', 'male', '', '', '', '', '', '01347853', '', '', '', '', '', '', '', '', '2633', '9be679', 0, '2633', '', '', 0, '2010', '2012-12-26 12:03:21', 0),
('2207', 'E', 'K Tguyv', 'male', '', '', '', '', '', '046', '', '', '', '', '', '', '', '', '2634', 'e3af1d', 0, '2634', '', '', 0, '2010', '2012-12-26 12:03:42', 0),
('2206', 'A', 'Qwertty', 'male', '', '', '', '', '', '041532', '', '', '', '', '', '', '', '', '2635', 'fad705', 0, '2635', '', '', 0, '2010', '2012-12-26 12:04:15', 0),
('2206', 'B', 'K Tguyv', 'male', '', '', '', '', '', '013465', '', '', '', '', '', '', '', '', '2636', '7964ae', 0, '2636', '', '', 0, '2010', '2012-12-26 12:04:55', 0),
('2206', 'C', 'Comm', 'male', '', '', '', '', '', '041532', '', '', '', '', '', '', '', '', '2637', 'b40489', 0, '2637', '', '', 0, '2010', '2012-12-26 12:05:31', 0),
('2206', 'D', 'K Tguyv', 'male', '', '', '', '', '', '041532', '', '', '', '', '', '', '', '', '2638', 'b61be9', 0, '2638', '', '', 0, '2010', '2012-12-26 12:05:47', 0),
('2206', 'E', 'Hj7i6rtf', 'male', '', '', '', '', '', '06387451', '', '', '', '', '', '', '', '', '2639', '0333b9', 0, '2639', '', '', 0, '2010', '2012-12-26 12:06:08', 0),
('2205', 'A', 'BUIYFV', 'male', '', '', '', '', '', '11', '', '', '', '', '', '', '', '', '2641', '3b5894', 0, '2641', '', '', 0, '2010', '2012-12-26 12:06:43', 0),
('2205', 'B', 'Ganesh', 'male', '', '', '', '', '', '01347853', '', '', '', '', '', '', '', '', '2642', 'c9493e', 0, '2642', '', '', 0, '2010', '2012-12-26 12:07:08', 0),
('2205', 'C', 'K Tguyv', 'male', '', '', '', '', '', '041532', '', '', '', '', '', '', '', '', '2643', 'be4f04', 0, '2643', '', '', 0, '2010', '2012-12-26 12:07:23', 0),
('2205', 'D', 'Comm', 'male', '', '', '', '', '', '0486532', '', '', '', '', '', '', '', '', '2644', 'fc2a97', 0, '2644', '', '', 0, '2010', '2012-12-26 12:07:43', 0),
('2205', 'E', 'BUIYFV', 'male', '', '', '', '', '', '01347853', '', '', '', '', '', '', '', '', '2645', 'fc6d47', 0, '2645', '', '', 0, '2010', '2012-12-26 12:07:59', 0),
('2204', 'A', 'Nasiba', 'male', '', '', '', '', '', '01347853', '', '', '', '', '', '', '', '', '2646', '487f6d', 0, '2646', '', '', 0, '2010', '2012-12-26 12:08:20', 0),
('2204', 'B', 'Sultana', 'male', '', '', '', '', '', '01347853', '', '', '', '', '', '', '', '', '2647', 'a2473d', 0, '2647', '', '', 0, '2010', '2012-12-26 12:08:42', 0),
('2204', 'C', 'Samima', 'male', '', '', '', '', '', '13743512', '', '', '', '', '', '', '', '', '2648', 'd58223', 0, '2648', '', '', 0, '2010', '2012-12-26 12:09:01', 0),
('2204', 'D', 'K Tguyv', 'male', '', '', '', '', '', '041532', '', '', '', '', '', '', '', '', '2649', '10e113', 0, '2649', '', '', 0, '2010', '2012-12-26 12:09:21', 0),
('2204', 'E', 'Comm', 'male', '', '', '', '', '', '01347853', '', '', '', '', '', '', '', '', '2650', '00553a', 0, '2650', '', '', 0, '2010', '2012-12-26 12:09:36', 0),
('2203', 'A', 'BUIYFV', 'male', '', '', '', '', '', '013465', '', '', '', '', '', '', '', '', '2651', 'f8c5e5', 0, '2651', '', '', 0, '2010', '2012-12-26 12:09:51', 0),
('2203', 'B', 'K Tguyv', 'male', '', '', '', '', '', '013465', '', '', '', '', '', '', '', '', '2652', 'eb5ab5', 0, '2652', '', '', 0, '2010', '2012-12-26 12:10:06', 0),
('2203', 'C', 'Comm', 'male', '', '', '', '', '', '01347853', '', '', '', '', '', '', '', '', '2653', 'e09583', 0, '2653', '', '', 0, '2010', '2012-12-26 12:10:22', 0),
('2203', 'D', 'Bnvh', 'male', '', '', '', '', '', '01347853', '', '', '', '', '', '', '', '', '2654', 'fad9eb', 0, '2654', '', '', 0, '2010', '2012-12-26 12:10:39', 0),
('2203', 'E', 'K Tguyv', 'male', '', '', '', '', '', '01347853', '', '', '', '', '', '', '', '', '2655', '372b0a', 0, '2655', '', '', 0, '2010', '2012-12-26 12:10:59', 0),
('2202', 'A', 'Comm', 'male', '', '', '', '', '', '013465', '', '', '', '', '', '', '', '', '2656', 'ee5ad0', 0, '2656', '', '', 0, '2010', '2012-12-26 12:12:30', 0),
('2202', 'B', 'Comm', 'male', '', '', '', '', '', '01347853', '', '', '', '', '', '', '', '', '2657', '84e0cc', 0, '2657', '', '', 0, '2010', '2012-12-26 12:12:56', 0),
('2202', 'C', 'K Tguyv', 'male', '', '', '', '', '', '01347853', '', '', '', '', '', '', '', '', '2658', 'ceaab5', 0, '2658', '', '', 0, '2010', '2012-12-26 12:13:16', 0),
('2202', 'D', 'Comm', 'male', '', '', '', '', '', '1', '', '', '', '', '', '', '', '', '2659', 'ed17c4', 0, '2659', '', '', 0, '2010', '2012-12-26 12:13:34', 0),
('2202', 'E', 'Qwertty', 'male', '', '', '', '', '', '01347853', '', '', '', '', '', '', '', '', '2660', '2d48f2', 0, '2660', '', '', 0, '2010', '2012-12-26 12:13:54', 0),
('2201', 'A', 'Comm', 'male', '', '', '', '', '', '11413', '', '', '', '', '', '', '', '', '2661', 'ea2683', 0, '2661', '', '', 0, '2010', '2012-12-26 12:14:06', 0),
('2201', 'B', 'Qwertty', 'male', '', '', '', '', '', '041532', '', '', '', '', '', '', '', '', '2662', '07052d', 0, '2662', '', '', 0, '2010', '2012-12-26 12:14:24', 0),
('2201', 'C', 'BUIYFV', 'male', '', '', '', '', '', '013465', '', '', '', '', '', '', '', '', '2663', '0ce918', 0, '2663', '', '', 0, '2010', '2012-12-26 12:14:40', 0),
('2201', 'D', 'K Tguyv', 'male', '', '', '', '', '', '041532', '', '', '', '', '', '', '', '', '2664', '3e9597', 0, '2664', '', '', 0, '2010', '2012-12-26 12:14:59', 0),
('2201', 'E', 'Comm', 'male', '', '', '', '', '', '01347853', '', '', '', '', '', '', '', '', '2665', '879e7c', 0, '2665', '', '', 0, '2010', '2012-12-26 12:15:20', 0),
('2200', 'A', 'Comm', 'male', '', '', '', '', '', '013465', '', '', '', '', '', '', '', '', '2666', 'f5d282', 0, '2666', '', '', 0, '2010', '2012-12-26 12:15:43', 0),
('2200', 'B', 'Comm', 'male', '', '', '', '', '', '01347853', '', '', '', '', '', '', '', '', '2667', 'f66f03', 0, '2667', '', '', 0, '2010', '2012-12-26 12:15:59', 0),
('2200', 'C', 'BUIYFV', 'male', '', '', '', '', '', '013465', '', '', '', '', '', '', '', '', '2668', '33d18a', 0, '2668', '', '', 0, '2010', '2012-12-26 12:16:19', 0),
('2200', 'D', 'BUIYFV', 'male', '', '', '', '', '', '01347853', '', '', '', '', '', '', '', '', '2669', '290dfb', 0, '2669', '', '', 0, '2010', '2012-12-26 12:16:34', 0),
('2200', 'E', 'K Tguyv', 'male', '', '', '', '', '', '11253', '', '', '', '', '', '', '', '', '2670', '09ce92', 0, '2670', '', '', 0, '2010', '2012-12-26 12:16:48', 0),
('2199', 'A', 'K Tguyv', 'male', '', '', '', '', '', '013465', '', '', '', '', '', '', '', '', '2671', '03c0d6', 0, '2671', '', '', 0, '2010', '2012-12-26 12:17:36', 0),
('2199', 'B', 'Qwertty', 'male', '', '', '', '', '', '122', '', '', '', '', '', '', '', '', '2672', '21dbe1', 0, '2672', '', '', 0, '2010', '2012-12-26 12:17:54', 0),
('2199', 'C', 'Qwertty', 'male', '', '', '', '', '', '01347853', '', '', '', '', '', '', '', '', '2673', '6c8466', 0, '2673', '', '', 0, '2010', '2012-12-26 12:18:14', 0),
('2199', 'D', 'Qwertty', 'male', '', '', '', '', '', '123456', '', '', '', '', '', '', '', '', '2674', 'e41cbd', 0, '2674', '', '', 0, '2010', '2012-12-26 12:18:38', 0),
('2199', 'E', 'BUIYFV', 'male', '', '', '', '', '', '1232469', '', '', '', '', '', '', '', '', '2675', 'e1a492', 0, '2675', '', '', 0, '2010', '2012-12-26 12:19:10', 0),
('2198', 'A', 'BUIYFV', 'male', '', '', '', '', '', '01347853', '', '', '', '', '', '', '', '', '2676', '3ddb51', 0, '2676', '', '', 0, '2010', '2012-12-26 12:19:47', 0),
('2198', 'B', 'K Tguyv', 'male', '', '', '', '', '', '123453169', '', '', '', '', '', '', '', '', '2677', '516f60', 0, '2677', '', '', 0, '2010', '2012-12-26 12:20:05', 0),
('2198', 'C', 'Comm', 'male', '', '', '', '', '', '123456789', '', '', '', '', '', '', '', '', '2678', '68be08', 0, '2678', '', '', 0, '2010', '2012-12-26 12:20:22', 0),
('2198', 'D', 'BUIYFV', 'male', '', '', '', '', '', '013465', '', '', '', '', '', '', '', '', '2679', '5dbbfb', 0, '2679', '', '', 0, '2010', '2012-12-26 12:20:37', 0),
('2198', 'E', 'Qwertty', 'male', '', '', '', '', '', '01347853', '', '', '', '', '', '', '', '', '2680', '406b01', 0, '2680', '', '', 0, '2010', '2012-12-26 12:20:52', 0),
('2153', 'A', 'BUIYFV', 'male', '', '', '', '', '', '013465', '', '', '', '', '', '', '', '', '2681', 'ec9f19', 0, '2681', '', '', 0, '2010', '2012-12-26 12:21:18', 0),
('2153', 'B', 'BUIYFV', 'male', '', '', '', '', '', '013465', '', '', '', '', '', '', '', '', '2682', 'bc0877', 0, '2682', '', '', 0, '2010', '2012-12-26 12:21:31', 0),
('2153', 'C', 'Qwertty', 'male', '', '', '', '', '', '041532', '', '', '', '', '', '', '', '', '2683', 'b36de4', 0, '2683', '', '', 0, '2010', '2012-12-26 12:21:47', 0),
('2153', 'D', 'K Tguyv', 'male', '', '', '', '', '', '013465', '', '', '', '', '', '', '', '', '2684', '959da4', 0, '2684', '', '', 0, '2010', '2012-12-26 12:22:01', 0),
('2153', 'E', 'BUIYFV', 'male', '', '', '', '', '', '1234657', '', '', '', '', '', '', '', '', '2685', 'a7fadb', 0, '2685', '', '', 0, '2010', '2012-12-26 12:22:18', 0),
('2154', 'A', 'Comm', 'male', '', '', '', '', '', '013465', '', '', '', '', '', '', '', '', '2688', '7a8f8e', 0, '2688', '', '', 0, '2010', '2012-12-26 12:25:11', 0),
('2154', 'B', '321746', 'male', '', '', '', '', '', '1246', '', '', '', '', '', '', '', '', '2689', '989710', 0, '2689', '', '', 0, '2010', '2012-12-26 12:25:29', 0),
('2154', 'C', 'Qwertty', 'male', '', '', '', '', '', '12463', '', '', '', '', '', '', '', '', '2690', 'b6e4e6', 0, '2690', '', '', 0, '2010', '2012-12-26 12:25:47', 0),
('2154', 'D', 'K Tguyv', 'male', '', '', '', '', '', '1237463', '', '', '', '', '', '', '', '', '2691', '053cf7', 0, '2691', '', '', 0, '2010', '2012-12-26 12:26:08', 0),
('2154', 'E', 'K Tguyv', 'male', '', '', '', '', '', '01347853', '', '', '', '', '', '', '', '', '2692', '6cb444', 0, '2692', '', '', 0, '2010', '2012-12-26 12:26:30', 0),
('2155', 'A', 'BUIYFV', 'male', '', '', '', '', '', '041532', '', '', '', '', '', '', '', '', '2693', '075cb7', 0, '2693', '', '', 0, '2010', '2012-12-26 12:26:56', 0),
('2155', 'B', 'Bhjrfv', 'male', '', '', '', '', '', '01347853', '', '', '', '', '', '', '', '', '2694', '21ca76', 0, '2694', '', '', 0, '2010', '2012-12-26 12:27:14', 0),
('2155', 'C', 'K Tguyv', 'male', '', '', '', '', '', '01347853', '', '', '', '', '', '', '', '', '2695', '05db30', 0, '2695', '', '', 0, '2010', '2012-12-26 12:28:00', 0),
('2155', 'D', 'BUIYFV', 'male', '', '', '', '', '', '013465', '', '', '', '', '', '', '', '', '2696', '23eeaf', 0, '2696', '', '', 0, '2010', '2012-12-26 12:28:34', 0),
('2155', 'E', 'Dfbhdfn', 'male', '', '', '', '', '', '674', '', '', '', '', '', '', '', '', '2697', 'ad783d', 0, '2697', '', '', 0, '2010', '2012-12-26 12:28:58', 0),
('2156', 'A', 'BUIYFV', 'male', '', '', '', '', '', '1246988', '', '', '', '', '', '', '', '', '2698', '7c26f6', 0, '2698', '', '', 0, '2010', '2012-12-26 12:29:59', 0),
('2156', 'B', 'K Tguyv', 'male', '', '', '', '', '', '013465', '', '', '', '', '', '', '', '', '2699', 'd389d8', 0, '2699', '', '', 0, '2010', '2012-12-26 12:30:37', 0),
('2197', 'A', 'Stru', 'male', '', '', '', '', '', '87874', '', '', '', '', '', '', '', '', '2700', '06e39f', 0, '2700', '', '', 0, '2010', '2012-12-26 13:54:56', 0),
('2197', 'B', 'Fu', 'male', '', '', '', '', '', '55', '', '', '', '', '', '', '', '', '2701', '4c8728', 0, '2701', '', '', 0, '2010', '2012-12-26 13:55:16', 0),
('2197', 'C', 'Dyk', 'male', '', '', '', '', '', '7987498', '', '', '', '', '', '', '', '', '2702', '94d0af', 0, '2702', '', '', 0, '2010', '2012-12-26 13:55:37', 0),
('2197', 'D', 'Fuiuk', 'male', '', '', '', '', '', '984654', '', '', '', '', '', '', '', '', '2703', 'b26ad0', 0, '2703', '', '', 0, '2010', '2012-12-26 13:55:55', 0),
('2197', 'E', 'Zfsdrtygdtgn', 'male', '', '', '', '', '', '97984987', '', '', '', '', '', '', '', '', '2704', 'e403cd', 0, '2704', '', '', 0, '2010', '2012-12-26 13:56:14', 0),
('2156', 'C', 'Aerfuy', 'male', '', '', '', '', '', '87987', '', '', '', '', '', '', '', '', '2705', 'a0a7a1', 0, '2705', '', '', 0, '2010', '2012-12-26 13:57:14', 0),
('2156', 'D', 'Fyyfuj', 'male', '', '', '', '', '', '876847', '', '', '', '', '', '', '', '', '2706', '1f2ed3', 0, '2706', '', '', 0, '2010', '2012-12-26 13:57:37', 0),
('2156', 'E', 'Ryyjf', 'male', '', '', '', '', '', '987984', '', '', '', '', '', '', '', '', '2707', '417a4d', 0, '2707', '', '', 0, '2010', '2012-12-26 13:57:56', 0),
('2196', 'A', 'Xztdfhbcn', 'male', '', '', '', '', '', '687864', '', '', '', '', '', '', '', '', '2708', '109df5', 0, '2708', '', '', 0, '2010', '2012-12-26 13:58:41', 0),
('2196', 'B', 'Lidugrgh', 'male', '', '', '', '', '', '987684', '', '', '', '', '', '', '', '', '2709', '36d6d8', 0, '2709', '', '', 0, '2010', '2012-12-26 13:58:59', 0),
('2196', 'C', 'Sttutfnh', 'male', '', '', '', '', '', '6786484411', '', '', '', '', '', '', '', '', '2710', '6b88b4', 0, '2710', '', '', 0, '2010', '2012-12-26 13:59:18', 0),
('2196', 'D', 'Sur0gu', 'male', '', '', '', '', '', '4798767', '', '', '', '', '', '', '', '', '2711', 'c7a616', 0, '2711', '', '', 0, '2010', '2012-12-26 13:59:40', 0),
('2196', 'E', 'Yru6u', 'male', '', '', '', '', '', '8786468', '', '', '', '', '', '', '', '', '2712', 'd6deb5', 0, '2712', '', '', 0, '2010', '2012-12-26 13:59:57', 0),
('2181', 'A', 'Xfgjrehig', 'male', '', '', '', '', '', '867564', '', '', '', '', '', '', '', '', '2713', '660c0b', 0, '2713', '', '', 0, '2010', '2012-12-26 14:00:38', 0),
('2181', 'B', 'Wtyrigh', 'male', '', '', '', '', '', '87684', '', '', '', '', '', '', '', '', '2714', 'f97acf', 0, '2714', '', '', 0, '2010', '2012-12-26 14:01:03', 0),
('2181', 'C', 'Giuhi', 'male', '', '', '', '', '', '987654', '', '', '', '', '', '', '', '', '2715', '352faf', 0, '2715', '', '', 0, '2010', '2012-12-26 14:01:23', 0),
('2181', 'D', 'Hf6tig', 'male', '', '', '', '', '', '877647', '', '', '', '', '', '', '', '', '2716', '56ec47', 0, '2716', '', '', 0, '2010', '2012-12-26 14:01:41', 0),
('2181', 'E', 'Jytyh', 'male', '', '', '', '', '', '686354', '', '', '', '', '', '', '', '', '2717', '68e004', 0, '2717', '', '', 0, '2010', '2012-12-26 14:01:58', 0),
('2159', 'A', 'Mhdguetfg', 'male', '', '', '', '', '', '87684', '', '', '', '', '', '', '', '', '2718', 'b9d87e', 0, '2718', '', '', 0, '2010', '2012-12-26 14:02:51', 0),
('2159', 'B', 'Jyti8gh', 'male', '', '', '', '', '', '68651', '', '', '', '', '', '', '', '', '2719', 'f46c57', 0, '2719', '', '', 0, '2010', '2012-12-26 14:03:11', 0),
('2159', 'C', 'Ku98uj', 'male', '', '', '', '', '', '87684', '', '', '', '', '', '', '', '', '2720', '113394', 0, '2720', '', '', 0, '2010', '2012-12-26 14:03:29', 0),
('2159', 'D', 'Uyt87t9', 'male', '', '', '', '', '', '9659874', '', '', '', '', '', '', '', '', '2721', '4bf7eb', 0, '2721', '', '', 0, '2010', '2012-12-26 14:03:48', 0),
('2159', 'E', 'Kjytu8t', 'male', '', '', '', '', '', '6876854', '', '', '', '', '', '', '', '', '2722', '41ea58', 0, '2722', '', '', 0, '2010', '2012-12-26 14:04:04', 0),
('2160', 'A', 'Mjufyioeh', 'male', '', '', '', '', '', '876874', '', '', '', '', '', '', '', '', '2723', '5e4ec0', 0, '2723', '', '', 0, '2010', '2012-12-26 14:05:25', 0),
('2160', 'B', 'Dtkrhg8i', 'male', '', '', '', '', '', '97684', '', '', '', '', '', '', '', '', '2724', '59e644', 0, '2724', '', '', 0, '2010', '2012-12-26 14:05:41', 0),
('2160', 'C', 'Dfyu', 'male', '', '', '', '', '', '9784984', '', '', '', '', '', '', '', '', '2725', 'cb5e19', 0, '2725', '', '', 0, '2010', '2012-12-26 14:06:04', 0),
('2160', 'D', 'Ugeifh', 'male', '', '', '', '', '', '87684', '', '', '', '', '', '', '', '', '2726', '19c5d8', 0, '2726', '', '', 0, '2010', '2012-12-26 14:06:25', 0),
('2160', 'E', 'Geytj', 'male', '', '', '', '', '', '8978487949', '', '', '', '', '', '', '', '', '2727', '4a60f3', 0, '2727', '', '', 0, '2010', '2012-12-26 14:06:44', 0);

-- --------------------------------------------------------

--
-- Table structure for table `user_level`
--

CREATE TABLE IF NOT EXISTS `user_level` (
  `login_id` varchar(40) NOT NULL,
  `level` int(11) NOT NULL,
  `total` int(11) NOT NULL,
  `level_of` varchar(40) NOT NULL,
  `level1` varchar(40) NOT NULL,
  `level2` varchar(40) NOT NULL,
  `level3` varchar(40) NOT NULL,
  `level4` varchar(40) NOT NULL,
  `level5` varchar(40) NOT NULL,
  `level6` varchar(40) NOT NULL,
  `level7` varchar(40) NOT NULL,
  `level8` varchar(40) NOT NULL,
  `level9` varchar(40) NOT NULL,
  `level10` varchar(40) NOT NULL,
  `level11` varchar(40) NOT NULL
) ENGINE=MyISAM DEFAULT CHARSET=latin1;

/*!40101 SET CHARACTER_SET_CLIENT=@OLD_CHARACTER_SET_CLIENT */;
/*!40101 SET CHARACTER_SET_RESULTS=@OLD_CHARACTER_SET_RESULTS */;
/*!40101 SET COLLATION_CONNECTION=@OLD_COLLATION_CONNECTION */;
